Empresa,Cadastro,Já operou?,Teve possibilidade de operar?,cadastro_periodo
Empresa 10000,202112,Não,Sim,2021-12
Empresa 10002,202105,Não,Sim,2021-05
Empresa 10015,202001,Não,Sim,2020-01
Empresa 10032,202206,Não,Sim,2022-06
Empresa 10061,202009,Não,Sim,2020-09
Empresa 10068,202007,Não,Sim,2020-07
Empresa 10069,202302,Não,Sim,2023-02
Empresa 10078,202104,Não,Sim,2021-04
Empresa 10083,202301,Não,Sim,2023-01
Empresa 10107,202212,Não,Sim,2022-12
Empresa 10112,202012,Não,Sim,2020-12
Empresa 10116,202303,Não,Sim,2023-03
Empresa 10127,202303,Não,Sim,2023-03
Empresa 10133,202007,Não,Sim,2020-07
Empresa 10138,202305,Não,Sim,2023-05
Empresa 10143,202012,Não,Sim,2020-12
Empresa 10147,202212,Não,Sim,2022-12
Empresa 10154,202104,Não,Sim,2021-04
Empresa 10165,202210,Não,Sim,2022-10
Empresa 10177,202103,Não,Sim,2021-03
Empresa 10180,202202,Não,Sim,2022-02
Empresa 10186,202004,Não,Sim,2020-04
Empresa 10187,202007,Não,Sim,2020-07
Empresa 10197,202012,Não,Sim,2020-12
Empresa 10199,202012,Não,Sim,2020-12
Empresa 10203,202103,Não,Sim,2021-03
Empresa 10218,202106,Não,Sim,2021-06
Empresa 10230,202102,Não,Sim,2021-02
Empresa 10241,202106,Não,Sim,2021-06
Empresa 10244,202305,Não,Sim,2023-05
Empresa 10250,202204,Não,Sim,2022-04
Empresa 10287,202301,Não,Sim,2023-01
Empresa 10294,202205,Não,Sim,2022-05
Empresa 10299,202008,Não,Sim,2020-08
Empresa 10305,202002,Não,Sim,2020-02
Empresa 10311,202012,Não,Sim,2020-12
Empresa 10330,202111,Não,Sim,2021-11
Empresa 10348,202305,Não,Sim,2023-05
Empresa 10359,202009,Não,Sim,2020-09
Empresa 10369,202007,Não,Sim,2020-07
Empresa 10421,202007,Não,Sim,2020-07
Empresa 10430,202301,Não,Sim,2023-01
Empresa 10448,202012,Não,Sim,2020-12
Empresa 10452,202204,Não,Sim,2022-04
Empresa 10465,202104,Não,Sim,2021-04
Empresa 10497,202007,Não,Sim,2020-07
Empresa 10513,202305,Não,Sim,2023-05
Empresa 10524,202209,Não,Sim,2022-09
Empresa 10529,202204,Não,Sim,2022-04
Empresa 10534,202110,Não,Sim,2021-10
Empresa 10542,202302,Não,Sim,2023-02
Empresa 10590,202203,Não,Sim,2022-03
Empresa 10591,202204,Não,Sim,2022-04
Empresa 10596,202110,Não,Sim,2021-10
Empresa 10598,202011,Não,Sim,2020-11
Empresa 10599,202203,Não,Sim,2022-03
Empresa 10604,202104,Não,Sim,2021-04
Empresa 10610,202309,Não,Sim,2023-09
Empresa 10615,202006,Não,Sim,2020-06
Empresa 10617,202007,Não,Sim,2020-07
Empresa 10641,202105,Não,Sim,2021-05
Empresa 10671,202007,Não,Sim,2020-07
Empresa 10687,202009,Não,Sim,2020-09
Empresa 10712,201912,Não,Sim,2019-12
Empresa 10717,202007,Não,Sim,2020-07
Empresa 10759,202007,Não,Sim,2020-07
Empresa 10784,202103,Não,Sim,2021-03
Empresa 10799,202207,Não,Sim,2022-07
Empresa 10801,202112,Não,Sim,2021-12
Empresa 10804,202006,Não,Sim,2020-06
Empresa 10806,202204,Não,Sim,2022-04
Empresa 10808,202004,Não,Sim,2020-04
Empresa 10810,202107,Não,Sim,2021-07
Empresa 10822,202211,Não,Sim,2022-11
Empresa 10829,202101,Não,Sim,2021-01
Empresa 10831,202101,Não,Sim,2021-01
Empresa 10833,202206,Não,Sim,2022-06
Empresa 10848,202208,Não,Sim,2022-08
Empresa 10877,202205,Não,Sim,2022-05
Empresa 10899,202310,Não,Sim,2023-10
Empresa 10908,202204,Não,Sim,2022-04
Empresa 10924,202212,Não,Sim,2022-12
Empresa 10926,202308,Não,Sim,2023-08
Empresa 10930,202207,Não,Sim,2022-07
Empresa 10941,202106,Não,Sim,2021-06
Empresa 10960,202303,Não,Sim,2023-03
Empresa 1097,202311,Não,Sim,2023-11
Empresa 11011,202305,Não,Sim,2023-05
Empresa 11025,202202,Não,Sim,2022-02
Empresa 11043,202103,Não,Sim,2021-03
Empresa 11048,202210,Não,Sim,2022-10
Empresa 11051,202201,Não,Sim,2022-01
Empresa 11080,202208,Não,Sim,2022-08
Empresa 11096,202103,Não,Sim,2021-03
Empresa 11100,202002,Não,Sim,2020-02
Empresa 11106,202103,Não,Sim,2021-03
Empresa 11132,202208,Não,Sim,2022-08
Empresa 1121,202306,Não,Sim,2023-06
Empresa 11220,202305,Não,Sim,2023-05
Empresa 11238,202101,Não,Sim,2021-01
Empresa 11240,202108,Não,Sim,2021-08
Empresa 11278,202012,Não,Sim,2020-12
Empresa 11291,202303,Não,Sim,2023-03
Empresa 11292,202203,Não,Sim,2022-03
Empresa 11302,202006,Não,Sim,2020-06
Empresa 11303,202108,Não,Sim,2021-08
Empresa 11304,202101,Não,Sim,2021-01
Empresa 11309,202103,Não,Sim,2021-03
Empresa 11313,201912,Não,Sim,2019-12
Empresa 11321,202008,Não,Sim,2020-08
Empresa 11325,202008,Não,Sim,2020-08
Empresa 11358,202012,Não,Sim,2020-12
Empresa 11362,202106,Não,Sim,2021-06
Empresa 11367,202007,Não,Sim,2020-07
Empresa 11377,202006,Não,Sim,2020-06
Empresa 11380,202202,Não,Sim,2022-02
Empresa 11387,202105,Não,Sim,2021-05
Empresa 11399,202207,Não,Sim,2022-07
Empresa 11411,202111,Não,Sim,2021-11
Empresa 11421,201911,Não,Sim,2019-11
Empresa 11430,202007,Não,Sim,2020-07
Empresa 11434,202101,Não,Sim,2021-01
Empresa 11456,202007,Não,Sim,2020-07
Empresa 11466,202010,Não,Sim,2020-10
Empresa 11474,202105,Não,Sim,2021-05
Empresa 11490,202008,Não,Sim,2020-08
Empresa 11502,202007,Não,Sim,2020-07
Empresa 11512,202005,Não,Sim,2020-05
Empresa 11513,202209,Não,Sim,2022-09
Empresa 11532,202008,Não,Sim,2020-08
Empresa 11534,202205,Não,Sim,2022-05
Empresa 11544,202104,Não,Sim,2021-04
Empresa 1155,202310,Não,Sim,2023-10
Empresa 11575,202305,Não,Sim,2023-05
Empresa 11593,202204,Não,Sim,2022-04
Empresa 11608,202008,Não,Sim,2020-08
Empresa 11611,202011,Não,Sim,2020-11
Empresa 11626,201905,Não,Sim,2019-05
Empresa 11648,202007,Não,Sim,2020-07
Empresa 11662,202102,Não,Sim,2021-02
Empresa 11668,202205,Não,Sim,2022-05
Empresa 11672,202112,Não,Sim,2021-12
Empresa 11689,202210,Não,Sim,2022-10
Empresa 11713,202211,Não,Sim,2022-11
Empresa 11715,202212,Não,Sim,2022-12
Empresa 11726,202007,Não,Sim,2020-07
Empresa 11746,202107,Não,Sim,2021-07
Empresa 11771,202304,Não,Sim,2023-04
Empresa 11772,202311,Não,Sim,2023-11
Empresa 11784,202205,Não,Sim,2022-05
Empresa 11790,202012,Não,Sim,2020-12
Empresa 11812,202301,Não,Sim,2023-01
Empresa 11836,202007,Não,Sim,2020-07
Empresa 11838,202106,Não,Sim,2021-06
Empresa 11845,202208,Não,Sim,2022-08
Empresa 11849,202211,Não,Sim,2022-11
Empresa 11852,202212,Não,Sim,2022-12
Empresa 11860,202008,Não,Sim,2020-08
Empresa 11888,202207,Não,Sim,2022-07
Empresa 11897,202012,Não,Sim,2020-12
Empresa 11904,202308,Não,Sim,2023-08
Empresa 11912,202310,Não,Sim,2023-10
Empresa 11913,202206,Não,Sim,2022-06
Empresa 11916,202008,Não,Sim,2020-08
Empresa 11962,202203,Não,Sim,2022-03
Empresa 12024,202311,Não,Sim,2023-11
Empresa 12026,202006,Não,Sim,2020-06
Empresa 12048,202201,Não,Sim,2022-01
Empresa 12058,202105,Não,Sim,2021-05
Empresa 12068,202102,Não,Sim,2021-02
Empresa 12077,202305,Não,Sim,2023-05
Empresa 12079,202209,Não,Sim,2022-09
Empresa 12095,202009,Não,Sim,2020-09
Empresa 12110,202212,Não,Sim,2022-12
Empresa 12119,202112,Não,Sim,2021-12
Empresa 12122,202205,Não,Sim,2022-05
Empresa 12123,202008,Não,Sim,2020-08
Empresa 12126,202006,Não,Sim,2020-06
Empresa 12127,202105,Não,Sim,2021-05
Empresa 12130,202303,Não,Sim,2023-03
Empresa 12133,202301,Não,Sim,2023-01
Empresa 12144,202301,Não,Sim,2023-01
Empresa 12172,202103,Não,Sim,2021-03
Empresa 12196,202101,Não,Sim,2021-01
Empresa 12220,202007,Não,Sim,2020-07
Empresa 12231,202209,Não,Sim,2022-09
Empresa 12244,202103,Não,Sim,2021-03
Empresa 12248,202205,Não,Sim,2022-05
Empresa 12256,202012,Não,Sim,2020-12
Empresa 12271,201908,Não,Sim,2019-08
Empresa 12280,202303,Não,Sim,2023-03
Empresa 12292,202206,Não,Sim,2022-06
Empresa 12296,202007,Não,Sim,2020-07
Empresa 12300,202007,Não,Sim,2020-07
Empresa 12342,202310,Não,Sim,2023-10
Empresa 12346,202206,Não,Sim,2022-06
Empresa 12349,202007,Não,Sim,2020-07
Empresa 12366,202205,Não,Sim,2022-05
Empresa 12387,202111,Não,Sim,2021-11
Empresa 12412,202101,Não,Sim,2021-01
Empresa 12454,202007,Não,Sim,2020-07
Empresa 12458,202205,Não,Sim,2022-05
Empresa 12460,202006,Não,Sim,2020-06
Empresa 12462,202007,Não,Sim,2020-07
Empresa 12468,202012,Não,Sim,2020-12
Empresa 12480,202007,Não,Sim,2020-07
Empresa 12503,202008,Não,Sim,2020-08
Empresa 12525,202112,Não,Sim,2021-12
Empresa 12535,202101,Não,Sim,2021-01
Empresa 12561,202212,Não,Sim,2022-12
Empresa 12564,202012,Não,Sim,2020-12
Empresa 12572,202301,Não,Sim,2023-01
Empresa 12576,202212,Não,Sim,2022-12
Empresa 12589,202007,Não,Sim,2020-07
Empresa 12638,202103,Não,Sim,2021-03
Empresa 12641,202009,Não,Sim,2020-09
Empresa 12642,202102,Não,Sim,2021-02
Empresa 12644,202201,Não,Sim,2022-01
Empresa 12645,202105,Não,Sim,2021-05
Empresa 12666,202304,Não,Sim,2023-04
Empresa 12668,202204,Não,Sim,2022-04
Empresa 12681,202305,Não,Sim,2023-05
Empresa 12687,202008,Não,Sim,2020-08
Empresa 12697,202211,Não,Sim,2022-11
Empresa 12739,202007,Não,Sim,2020-07
Empresa 12746,202006,Não,Sim,2020-06
Empresa 12750,202008,Não,Sim,2020-08
Empresa 12762,202305,Não,Sim,2023-05
Empresa 12766,202107,Não,Sim,2021-07
Empresa 12782,202012,Não,Sim,2020-12
Empresa 12785,202107,Não,Sim,2021-07
Empresa 12804,202004,Não,Sim,2020-04
Empresa 12822,202310,Não,Sim,2023-10
Empresa 12827,202203,Não,Sim,2022-03
Empresa 12832,202011,Não,Sim,2020-11
Empresa 12843,202002,Não,Sim,2020-02
Empresa 12849,202101,Não,Sim,2021-01
Empresa 12871,202108,Não,Sim,2021-08
Empresa 12874,202212,Não,Sim,2022-12
Empresa 12888,202008,Não,Sim,2020-08
Empresa 12894,202208,Não,Sim,2022-08
Empresa 12901,202208,Não,Sim,2022-08
Empresa 12905,202104,Não,Sim,2021-04
Empresa 12935,202211,Não,Sim,2022-11
Empresa 12941,202008,Não,Sim,2020-08
Empresa 12945,202008,Não,Sim,2020-08
Empresa 12951,202209,Não,Sim,2022-09
Empresa 12959,202310,Não,Sim,2023-10
Empresa 12968,202004,Não,Sim,2020-04
Empresa 13000,202112,Não,Sim,2021-12
Empresa 13004,202212,Não,Sim,2022-12
Empresa 13012,202210,Não,Sim,2022-10
Empresa 13021,202307,Não,Sim,2023-07
Empresa 13060,202107,Não,Sim,2021-07
Empresa 13066,202101,Não,Sim,2021-01
Empresa 13067,202207,Não,Sim,2022-07
Empresa 13073,202105,Não,Sim,2021-05
Empresa 13077,201912,Não,Sim,2019-12
Empresa 13083,202205,Não,Sim,2022-05
Empresa 13100,202104,Não,Sim,2021-04
Empresa 13117,202108,Não,Sim,2021-08
Empresa 13127,202304,Não,Sim,2023-04
Empresa 13136,202103,Não,Sim,2021-03
Empresa 13139,202110,Não,Sim,2021-10
Empresa 13144,202212,Não,Sim,2022-12
Empresa 13146,202304,Não,Sim,2023-04
Empresa 13155,202301,Não,Sim,2023-01
Empresa 13179,202012,Não,Sim,2020-12
Empresa 13211,202202,Não,Sim,2022-02
Empresa 13220,202102,Não,Sim,2021-02
Empresa 13230,202306,Não,Sim,2023-06
Empresa 13271,202008,Não,Sim,2020-08
Empresa 13299,202302,Não,Sim,2023-02
Empresa 13307,202106,Não,Sim,2021-06
Empresa 13315,202209,Não,Sim,2022-09
Empresa 13347,202007,Não,Sim,2020-07
Empresa 13349,202204,Não,Sim,2022-04
Empresa 13350,202012,Não,Sim,2020-12
Empresa 13354,202006,Não,Sim,2020-06
Empresa 13356,202008,Não,Sim,2020-08
Empresa 13359,202007,Não,Sim,2020-07
Empresa 13415,202007,Não,Sim,2020-07
Empresa 13416,202303,Não,Sim,2023-03
Empresa 13418,202006,Não,Sim,2020-06
Empresa 13432,202103,Não,Sim,2021-03
Empresa 13445,202304,Não,Sim,2023-04
Empresa 13449,202212,Não,Sim,2022-12
Empresa 13452,202308,Não,Sim,2023-08
Empresa 13464,202203,Não,Sim,2022-03
Empresa 13474,202305,Não,Sim,2023-05
Empresa 13476,202304,Não,Sim,2023-04
Empresa 13489,202207,Não,Sim,2022-07
Empresa 13493,202107,Não,Sim,2021-07
Empresa 13495,202209,Não,Sim,2022-09
Empresa 13502,202112,Não,Sim,2021-12
Empresa 13510,202212,Não,Sim,2022-12
Empresa 13511,202007,Não,Sim,2020-07
Empresa 13515,201912,Não,Sim,2019-12
Empresa 13521,202302,Não,Sim,2023-02
Empresa 13533,202208,Não,Sim,2022-08
Empresa 13572,202211,Não,Sim,2022-11
Empresa 13579,202203,Não,Sim,2022-03
Empresa 13592,202308,Não,Sim,2023-08
Empresa 13595,202204,Não,Sim,2022-04
Empresa 13604,202303,Não,Sim,2023-03
Empresa 13607,202305,Não,Sim,2023-05
Empresa 13620,202211,Não,Sim,2022-11
Empresa 13621,202107,Não,Sim,2021-07
Empresa 13638,202210,Não,Sim,2022-10
Empresa 13655,202109,Não,Sim,2021-09
Empresa 13663,202301,Não,Sim,2023-01
Empresa 13672,202103,Não,Sim,2021-03
Empresa 13685,202008,Não,Sim,2020-08
Empresa 13686,202008,Não,Sim,2020-08
Empresa 13696,202205,Não,Sim,2022-05
Empresa 13700,202301,Não,Sim,2023-01
Empresa 13729,202102,Não,Sim,2021-02
Empresa 13736,202112,Não,Sim,2021-12
Empresa 13755,202009,Não,Sim,2020-09
Empresa 13774,202107,Não,Sim,2021-07
Empresa 13832,202107,Não,Sim,2021-07
Empresa 13839,202101,Não,Sim,2021-01
Empresa 13840,202211,Não,Sim,2022-11
Empresa 13879,202307,Não,Sim,2023-07
Empresa 13885,202011,Não,Sim,2020-11
Empresa 13907,202303,Não,Sim,2023-03
Empresa 13938,202103,Não,Sim,2021-03
Empresa 1394,202311,Não,Sim,2023-11
Empresa 13941,202307,Não,Sim,2023-07
Empresa 13978,202302,Não,Sim,2023-02
Empresa 13987,202012,Não,Sim,2020-12
Empresa 13997,202106,Não,Sim,2021-06
Empresa 13999,202301,Não,Sim,2023-01
Empresa 14005,202007,Não,Sim,2020-07
Empresa 14014,202212,Não,Sim,2022-12
Empresa 14016,202208,Não,Sim,2022-08
Empresa 14022,202101,Não,Sim,2021-01
Empresa 14046,202110,Não,Sim,2021-10
Empresa 14069,202212,Não,Sim,2022-12
Empresa 14081,202012,Não,Sim,2020-12
Empresa 14085,202007,Não,Sim,2020-07
Empresa 14090,202007,Não,Sim,2020-07
Empresa 14094,202309,Não,Sim,2023-09
Empresa 14104,202007,Não,Sim,2020-07
Empresa 14132,202303,Não,Sim,2023-03
Empresa 14145,202304,Não,Sim,2023-04
Empresa 14169,202012,Não,Sim,2020-12
Empresa 14170,202007,Não,Sim,2020-07
Empresa 14189,202210,Não,Sim,2022-10
Empresa 14203,202308,Não,Sim,2023-08
Empresa 14207,202105,Não,Sim,2021-05
Empresa 14209,202006,Não,Sim,2020-06
Empresa 14210,202102,Não,Sim,2021-02
Empresa 14225,202102,Não,Sim,2021-02
Empresa 14255,202112,Não,Sim,2021-12
Empresa 14274,202212,Não,Sim,2022-12
Empresa 14275,202302,Não,Sim,2023-02
Empresa 14276,202108,Não,Sim,2021-08
Empresa 14281,202011,Não,Sim,2020-11
Empresa 14288,202101,Não,Sim,2021-01
Empresa 14297,202012,Não,Sim,2020-12
Empresa 14316,202212,Não,Sim,2022-12
Empresa 14332,202007,Não,Sim,2020-07
Empresa 14341,202207,Não,Sim,2022-07
Empresa 14344,202009,Não,Sim,2020-09
Empresa 14353,202205,Não,Sim,2022-05
Empresa 14385,202108,Não,Sim,2021-08
Empresa 14391,202301,Não,Sim,2023-01
Empresa 14393,202107,Não,Sim,2021-07
Empresa 14396,202112,Não,Sim,2021-12
Empresa 14421,202302,Não,Sim,2023-02
Empresa 14434,202104,Não,Sim,2021-04
Empresa 14440,202001,Não,Sim,2020-01
Empresa 14448,202205,Não,Sim,2022-05
Empresa 14457,202111,Não,Sim,2021-11
Empresa 14485,202305,Não,Sim,2023-05
Empresa 14492,202012,Não,Sim,2020-12
Empresa 14516,202007,Não,Sim,2020-07
Empresa 14517,202004,Não,Sim,2020-04
Empresa 14549,202301,Não,Sim,2023-01
Empresa 14551,202303,Não,Sim,2023-03
Empresa 14570,202310,Não,Sim,2023-10
Empresa 14576,202303,Não,Sim,2023-03
Empresa 14586,202007,Não,Sim,2020-07
Empresa 14589,202007,Não,Sim,2020-07
Empresa 14596,202109,Não,Sim,2021-09
Empresa 14631,202006,Não,Sim,2020-06
Empresa 14639,202212,Não,Sim,2022-12
Empresa 14649,202007,Não,Sim,2020-07
Empresa 14658,202306,Não,Sim,2023-06
Empresa 14685,202012,Não,Sim,2020-12
Empresa 14695,202212,Não,Sim,2022-12
Empresa 14696,202302,Não,Sim,2023-02
Empresa 14705,202206,Não,Sim,2022-06
Empresa 14707,202303,Não,Sim,2023-03
Empresa 1471,202307,Não,Sim,2023-07
Empresa 14726,202205,Não,Sim,2022-05
Empresa 14731,202204,Não,Sim,2022-04
Empresa 14734,202303,Não,Sim,2023-03
Empresa 14746,202301,Não,Sim,2023-01
Empresa 14753,202007,Não,Sim,2020-07
Empresa 14756,202012,Não,Sim,2020-12
Empresa 14757,202305,Não,Sim,2023-05
Empresa 14758,202006,Não,Sim,2020-06
Empresa 14765,202309,Não,Sim,2023-09
Empresa 14786,202210,Não,Sim,2022-10
Empresa 14792,202012,Não,Sim,2020-12
Empresa 14816,202008,Não,Sim,2020-08
Empresa 14821,202305,Não,Sim,2023-05
Empresa 14822,202101,Não,Sim,2021-01
Empresa 14847,202007,Não,Sim,2020-07
Empresa 14861,202101,Não,Sim,2021-01
Empresa 14873,202304,Não,Sim,2023-04
Empresa 14880,202204,Não,Sim,2022-04
Empresa 14914,202011,Não,Sim,2020-11
Empresa 14925,202305,Não,Sim,2023-05
Empresa 14931,202309,Não,Sim,2023-09
Empresa 14941,202205,Não,Sim,2022-05
Empresa 14997,202211,Não,Sim,2022-11
Empresa 15014,202012,Não,Sim,2020-12
Empresa 15017,202103,Não,Sim,2021-03
Empresa 15027,202203,Não,Sim,2022-03
Empresa 15030,202204,Não,Sim,2022-04
Empresa 15035,202007,Não,Sim,2020-07
Empresa 15037,202007,Não,Sim,2020-07
Empresa 15041,202107,Não,Sim,2021-07
Empresa 15075,202208,Não,Sim,2022-08
Empresa 15089,202306,Não,Sim,2023-06
Empresa 15090,202304,Não,Sim,2023-04
Empresa 15093,202011,Não,Sim,2020-11
Empresa 15104,202102,Não,Sim,2021-02
Empresa 15141,202205,Não,Sim,2022-05
Empresa 15143,202011,Não,Sim,2020-11
Empresa 15149,202004,Não,Sim,2020-04
Empresa 15171,202101,Não,Sim,2021-01
Empresa 15192,202305,Não,Sim,2023-05
Empresa 15195,202301,Não,Sim,2023-01
Empresa 15199,202007,Não,Sim,2020-07
Empresa 15205,202102,Não,Sim,2021-02
Empresa 15221,202011,Não,Sim,2020-11
Empresa 15226,202102,Não,Sim,2021-02
Empresa 15249,202006,Não,Sim,2020-06
Empresa 15251,202305,Não,Sim,2023-05
Empresa 15260,202304,Não,Sim,2023-04
Empresa 15261,202203,Não,Sim,2022-03
Empresa 15271,202303,Não,Sim,2023-03
Empresa 15277,202012,Não,Sim,2020-12
Empresa 15279,202007,Não,Sim,2020-07
Empresa 15282,202307,Não,Sim,2023-07
Empresa 15294,202107,Não,Sim,2021-07
Empresa 15303,202112,Não,Sim,2021-12
Empresa 15312,202006,Não,Sim,2020-06
Empresa 15322,202108,Não,Sim,2021-08
Empresa 15325,202002,Não,Sim,2020-02
Empresa 15329,202308,Não,Sim,2023-08
Empresa 15339,202205,Não,Sim,2022-05
Empresa 15353,202301,Não,Sim,2023-01
Empresa 15362,202304,Não,Sim,2023-04
Empresa 15364,202304,Não,Sim,2023-04
Empresa 15383,202012,Não,Sim,2020-12
Empresa 15393,202301,Não,Sim,2023-01
Empresa 15435,202205,Não,Sim,2022-05
Empresa 15436,202303,Não,Sim,2023-03
Empresa 15450,202007,Não,Sim,2020-07
Empresa 15492,202205,Não,Sim,2022-05
Empresa 15505,202206,Não,Sim,2022-06
Empresa 15516,202208,Não,Sim,2022-08
Empresa 15527,202306,Não,Sim,2023-06
Empresa 15555,202012,Não,Sim,2020-12
Empresa 15564,202211,Não,Sim,2022-11
Empresa 15568,202212,Não,Sim,2022-12
Empresa 15571,202308,Não,Sim,2023-08
Empresa 15572,202207,Não,Sim,2022-07
Empresa 15573,202104,Não,Sim,2021-04
Empresa 15576,202107,Não,Sim,2021-07
Empresa 15592,202211,Não,Sim,2022-11
Empresa 15597,202201,Não,Sim,2022-01
Empresa 15612,202207,Não,Sim,2022-07
Empresa 15657,202107,Não,Sim,2021-07
Empresa 15665,202006,Não,Sim,2020-06
Empresa 15666,202301,Não,Sim,2023-01
Empresa 15675,202007,Não,Sim,2020-07
Empresa 15677,202103,Não,Sim,2021-03
Empresa 15679,202007,Não,Sim,2020-07
Empresa 15680,202310,Não,Sim,2023-10
Empresa 15682,202104,Não,Sim,2021-04
Empresa 15697,202205,Não,Sim,2022-05
Empresa 15715,202304,Não,Sim,2023-04
Empresa 15735,202001,Não,Sim,2020-01
Empresa 15744,202007,Não,Sim,2020-07
Empresa 15757,202007,Não,Sim,2020-07
Empresa 15770,202107,Não,Sim,2021-07
Empresa 15772,202101,Não,Sim,2021-01
Empresa 15789,202104,Não,Sim,2021-04
Empresa 15793,202303,Não,Sim,2023-03
Empresa 15798,202208,Não,Sim,2022-08
Empresa 15821,202207,Não,Sim,2022-07
Empresa 15840,202103,Não,Sim,2021-03
Empresa 15854,202303,Não,Sim,2023-03
Empresa 15859,202112,Não,Sim,2021-12
Empresa 15911,202201,Não,Sim,2022-01
Empresa 15931,202008,Não,Sim,2020-08
Empresa 15939,202102,Não,Sim,2021-02
Empresa 15961,202007,Não,Sim,2020-07
Empresa 15968,202101,Não,Sim,2021-01
Empresa 15986,202202,Não,Sim,2022-02
Empresa 16003,202205,Não,Sim,2022-05
Empresa 16013,202301,Não,Sim,2023-01
Empresa 16042,202007,Não,Sim,2020-07
Empresa 16058,202110,Não,Sim,2021-10
Empresa 16067,202308,Não,Sim,2023-08
Empresa 16077,202212,Não,Sim,2022-12
Empresa 16080,202309,Não,Sim,2023-09
Empresa 16083,202205,Não,Sim,2022-05
Empresa 16084,202112,Não,Sim,2021-12
Empresa 16086,202012,Não,Sim,2020-12
Empresa 16090,202105,Não,Sim,2021-05
Empresa 16119,202012,Não,Sim,2020-12
Empresa 16122,202009,Não,Sim,2020-09
Empresa 16128,202008,Não,Sim,2020-08
Empresa 16134,202111,Não,Sim,2021-11
Empresa 16141,202009,Não,Sim,2020-09
Empresa 16151,202208,Não,Sim,2022-08
Empresa 16168,202012,Não,Sim,2020-12
Empresa 16171,202212,Não,Sim,2022-12
Empresa 16183,202205,Não,Sim,2022-05
Empresa 16195,202205,Não,Sim,2022-05
Empresa 16214,202112,Não,Sim,2021-12
Empresa 16234,202208,Não,Sim,2022-08
Empresa 16251,202303,Não,Sim,2023-03
Empresa 16294,202202,Não,Sim,2022-02
Empresa 16302,202102,Não,Sim,2021-02
Empresa 16310,202103,Não,Sim,2021-03
Empresa 16311,202212,Não,Sim,2022-12
Empresa 16314,202004,Não,Sim,2020-04
Empresa 16323,202207,Não,Sim,2022-07
Empresa 16324,202109,Não,Sim,2021-09
Empresa 16343,202102,Não,Sim,2021-02
Empresa 16348,202108,Não,Sim,2021-08
Empresa 16351,202207,Não,Sim,2022-07
Empresa 16352,202003,Não,Sim,2020-03
Empresa 16366,202012,Não,Sim,2020-12
Empresa 16368,202101,Não,Sim,2021-01
Empresa 16372,202007,Não,Sim,2020-07
Empresa 16413,202212,Não,Sim,2022-12
Empresa 16416,202101,Não,Sim,2021-01
Empresa 16425,202005,Não,Sim,2020-05
Empresa 16445,202304,Não,Sim,2023-04
Empresa 16462,202106,Não,Sim,2021-06
Empresa 16465,202209,Não,Sim,2022-09
Empresa 16494,202104,Não,Sim,2021-04
Empresa 16521,202101,Não,Sim,2021-01
Empresa 16527,202105,Não,Sim,2021-05
Empresa 16537,201912,Não,Sim,2019-12
Empresa 16543,202205,Não,Sim,2022-05
Empresa 16550,202310,Não,Sim,2023-10
Empresa 16585,202311,Não,Sim,2023-11
Empresa 16589,202304,Não,Sim,2023-04
Empresa 16596,202008,Não,Sim,2020-08
Empresa 16627,202101,Não,Sim,2021-01
Empresa 16640,202007,Não,Sim,2020-07
Empresa 16652,202108,Não,Sim,2021-08
Empresa 16655,202006,Não,Sim,2020-06
Empresa 16660,202006,Não,Sim,2020-06
Empresa 16679,202107,Não,Sim,2021-07
Empresa 16686,202301,Não,Sim,2023-01
Empresa 16693,202310,Não,Sim,2023-10
Empresa 16700,202012,Não,Sim,2020-12
Empresa 16707,202308,Não,Sim,2023-08
Empresa 16756,202205,Não,Sim,2022-05
Empresa 16760,202101,Não,Sim,2021-01
Empresa 16762,202111,Não,Sim,2021-11
Empresa 16769,202209,Não,Sim,2022-09
Empresa 16802,202202,Não,Sim,2022-02
Empresa 16803,202006,Não,Sim,2020-06
Empresa 16809,202303,Não,Sim,2023-03
Empresa 16816,202012,Não,Sim,2020-12
Empresa 16825,202103,Não,Sim,2021-03
Empresa 16849,202211,Não,Sim,2022-11
Empresa 16851,202104,Não,Sim,2021-04
Empresa 16865,202011,Não,Sim,2020-11
Empresa 16871,202101,Não,Sim,2021-01
Empresa 16873,202205,Não,Sim,2022-05
Empresa 16916,201907,Não,Sim,2019-07
Empresa 16943,202112,Não,Sim,2021-12
Empresa 16977,202106,Não,Sim,2021-06
Empresa 16984,202007,Não,Sim,2020-07
Empresa 16999,202008,Não,Sim,2020-08
Empresa 17026,202103,Não,Sim,2021-03
Empresa 17037,201912,Não,Sim,2019-12
Empresa 17041,202212,Não,Sim,2022-12
Empresa 17044,202007,Não,Sim,2020-07
Empresa 17053,202106,Não,Sim,2021-06
Empresa 17055,202106,Não,Sim,2021-06
Empresa 17077,202012,Não,Sim,2020-12
Empresa 17099,202004,Não,Sim,2020-04
Empresa 1710,202206,Não,Sim,2022-06
Empresa 17101,202011,Não,Sim,2020-11
Empresa 17109,202111,Não,Sim,2021-11
Empresa 17124,202204,Não,Sim,2022-04
Empresa 17139,202012,Não,Sim,2020-12
Empresa 17140,202301,Não,Sim,2023-01
Empresa 17146,202104,Não,Sim,2021-04
Empresa 17149,202205,Não,Sim,2022-05
Empresa 17161,202002,Não,Sim,2020-02
Empresa 17164,202303,Não,Sim,2023-03
Empresa 17185,202212,Não,Sim,2022-12
Empresa 17198,202101,Não,Sim,2021-01
Empresa 17199,202305,Não,Sim,2023-05
Empresa 17203,202209,Não,Sim,2022-09
Empresa 17214,202304,Não,Sim,2023-04
Empresa 17219,202209,Não,Sim,2022-09
Empresa 17228,202110,Não,Sim,2021-10
Empresa 17240,202007,Não,Sim,2020-07
Empresa 17265,202211,Não,Sim,2022-11
Empresa 17284,202208,Não,Sim,2022-08
Empresa 17285,202208,Não,Sim,2022-08
Empresa 17286,202007,Não,Sim,2020-07
Empresa 17293,202102,Não,Sim,2021-02
Empresa 17298,202007,Não,Sim,2020-07
Empresa 17300,202207,Não,Sim,2022-07
Empresa 17302,202207,Não,Sim,2022-07
Empresa 17304,202010,Não,Sim,2020-10
Empresa 17307,202104,Não,Sim,2021-04
Empresa 17339,202103,Não,Sim,2021-03
Empresa 17341,202310,Não,Sim,2023-10
Empresa 17343,202106,Não,Sim,2021-06
Empresa 17369,202303,Não,Sim,2023-03
Empresa 17370,202008,Não,Sim,2020-08
Empresa 17382,202208,Não,Sim,2022-08
Empresa 17393,202204,Não,Sim,2022-04
Empresa 17409,202007,Não,Sim,2020-07
Empresa 1742,202305,Não,Sim,2023-05
Empresa 17428,202302,Não,Sim,2023-02
Empresa 17457,202202,Não,Sim,2022-02
Empresa 17462,202301,Não,Sim,2023-01
Empresa 17466,202006,Não,Sim,2020-06
Empresa 17486,202307,Não,Sim,2023-07
Empresa 17505,202301,Não,Sim,2023-01
Empresa 17514,202206,Não,Sim,2022-06
Empresa 17516,202002,Não,Sim,2020-02
Empresa 17548,202012,Não,Sim,2020-12
Empresa 17562,202103,Não,Sim,2021-03
Empresa 17567,202004,Não,Sim,2020-04
Empresa 17572,202304,Não,Sim,2023-04
Empresa 17602,202304,Não,Sim,2023-04
Empresa 17609,202306,Não,Sim,2023-06
Empresa 17619,202007,Não,Sim,2020-07
Empresa 17650,202206,Não,Sim,2022-06
Empresa 17705,202211,Não,Sim,2022-11
Empresa 17717,202007,Não,Sim,2020-07
Empresa 17728,202302,Não,Sim,2023-02
Empresa 17729,202004,Não,Sim,2020-04
Empresa 17739,202103,Não,Sim,2021-03
Empresa 17743,202210,Não,Sim,2022-10
Empresa 17756,202212,Não,Sim,2022-12
Empresa 17776,202205,Não,Sim,2022-05
Empresa 17787,202309,Não,Sim,2023-09
Empresa 17790,202112,Não,Sim,2021-12
Empresa 17832,202201,Não,Sim,2022-01
Empresa 17857,202109,Não,Sim,2021-09
Empresa 17878,202007,Não,Sim,2020-07
Empresa 17882,202009,Não,Sim,2020-09
Empresa 17888,202004,Não,Sim,2020-04
Empresa 17901,202205,Não,Sim,2022-05
Empresa 17917,202007,Não,Sim,2020-07
Empresa 17924,202011,Não,Sim,2020-11
Empresa 17928,202012,Não,Sim,2020-12
Empresa 17932,202210,Não,Sim,2022-10
Empresa 17944,202301,Não,Sim,2023-01
Empresa 17945,202008,Não,Sim,2020-08
Empresa 17966,202109,Não,Sim,2021-09
Empresa 17995,202007,Não,Sim,2020-07
Empresa 17998,202101,Não,Sim,2021-01
Empresa 18000,202004,Não,Sim,2020-04
Empresa 18002,202212,Não,Sim,2022-12
Empresa 18009,202211,Não,Sim,2022-11
Empresa 18014,202308,Não,Sim,2023-08
Empresa 18045,202301,Não,Sim,2023-01
Empresa 18047,202310,Não,Sim,2023-10
Empresa 18056,202010,Não,Sim,2020-10
Empresa 18061,202210,Não,Sim,2022-10
Empresa 18064,202012,Não,Sim,2020-12
Empresa 18095,202102,Não,Sim,2021-02
Empresa 18105,202008,Não,Sim,2020-08
Empresa 18145,202212,Não,Sim,2022-12
Empresa 18156,202303,Não,Sim,2023-03
Empresa 18159,202112,Não,Sim,2021-12
Empresa 18167,202209,Não,Sim,2022-09
Empresa 18174,202111,Não,Sim,2021-11
Empresa 18201,202109,Não,Sim,2021-09
Empresa 18213,202112,Não,Sim,2021-12
Empresa 18237,202212,Não,Sim,2022-12
Empresa 18254,201912,Não,Sim,2019-12
Empresa 18287,202101,Não,Sim,2021-01
Empresa 18305,202007,Não,Sim,2020-07
Empresa 18322,202103,Não,Sim,2021-03
Empresa 18363,202103,Não,Sim,2021-03
Empresa 18364,202012,Não,Sim,2020-12
Empresa 18370,202105,Não,Sim,2021-05
Empresa 18396,202005,Não,Sim,2020-05
Empresa 18398,202104,Não,Sim,2021-04
Empresa 18400,202110,Não,Sim,2021-10
Empresa 18431,202203,Não,Sim,2022-03
Empresa 18434,202211,Não,Sim,2022-11
Empresa 18454,202201,Não,Sim,2022-01
Empresa 18481,202111,Não,Sim,2021-11
Empresa 18485,202203,Não,Sim,2022-03
Empresa 18507,202012,Não,Sim,2020-12
Empresa 18565,202301,Não,Sim,2023-01
Empresa 18568,202001,Não,Sim,2020-01
Empresa 18597,202008,Não,Sim,2020-08
Empresa 18601,202306,Não,Sim,2023-06
Empresa 18603,202211,Não,Sim,2022-11
Empresa 18620,202209,Não,Sim,2022-09
Empresa 18634,202111,Não,Sim,2021-11
Empresa 18640,201909,Não,Sim,2019-09
Empresa 18656,202004,Não,Sim,2020-04
Empresa 18659,202107,Não,Sim,2021-07
Empresa 18665,202012,Não,Sim,2020-12
Empresa 18677,202006,Não,Sim,2020-06
Empresa 18689,202212,Não,Sim,2022-12
Empresa 18699,202205,Não,Sim,2022-05
Empresa 18711,201912,Não,Sim,2019-12
Empresa 18738,202302,Não,Sim,2023-02
Empresa 18756,202104,Não,Sim,2021-04
Empresa 18803,202212,Não,Sim,2022-12
Empresa 18805,202012,Não,Sim,2020-12
Empresa 18821,202302,Não,Sim,2023-02
Empresa 18823,202007,Não,Sim,2020-07
Empresa 18836,202007,Não,Sim,2020-07
Empresa 18848,202205,Não,Sim,2022-05
Empresa 18849,202309,Não,Sim,2023-09
Empresa 18854,201912,Não,Sim,2019-12
Empresa 18856,202209,Não,Sim,2022-09
Empresa 18871,202011,Não,Sim,2020-11
Empresa 18876,202101,Não,Sim,2021-01
Empresa 18894,202309,Não,Sim,2023-09
Empresa 18895,202212,Não,Sim,2022-12
Empresa 1891,202308,Não,Sim,2023-08
Empresa 18912,201912,Não,Sim,2019-12
Empresa 18933,202103,Não,Sim,2021-03
Empresa 18941,202010,Não,Sim,2020-10
Empresa 18970,202306,Não,Sim,2023-06
Empresa 18988,202306,Não,Sim,2023-06
Empresa 18999,202201,Não,Sim,2022-01
Empresa 19008,202008,Não,Sim,2020-08
Empresa 19011,202101,Não,Sim,2021-01
Empresa 19017,202304,Não,Sim,2023-04
Empresa 19032,202302,Não,Sim,2023-02
Empresa 1904,202306,Não,Sim,2023-06
Empresa 19042,202302,Não,Sim,2023-02
Empresa 19052,202103,Não,Sim,2021-03
Empresa 19061,202103,Não,Sim,2021-03
Empresa 19069,202012,Não,Sim,2020-12
Empresa 19075,202103,Não,Sim,2021-03
Empresa 19099,202308,Não,Sim,2023-08
Empresa 19109,202012,Não,Sim,2020-12
Empresa 19118,202107,Não,Sim,2021-07
Empresa 19131,202012,Não,Sim,2020-12
Empresa 19140,201912,Não,Sim,2019-12
Empresa 19249,202004,Não,Sim,2020-04
Empresa 19300,202212,Não,Sim,2022-12
Empresa 19331,202008,Não,Sim,2020-08
Empresa 19344,202012,Não,Sim,2020-12
Empresa 19345,202105,Não,Sim,2021-05
Empresa 19439,202008,Não,Sim,2020-08
Empresa 19548,202007,Não,Sim,2020-07
Empresa 19573,202010,Não,Sim,2020-10
Empresa 19576,202308,Não,Sim,2023-08
Empresa 19608,202302,Não,Sim,2023-02
Empresa 19609,202007,Não,Sim,2020-07
Empresa 19612,202106,Não,Sim,2021-06
Empresa 19622,201912,Não,Sim,2019-12
Empresa 19623,202112,Não,Sim,2021-12
Empresa 19641,202007,Não,Sim,2020-07
Empresa 19661,202304,Não,Sim,2023-04
Empresa 19679,202109,Não,Sim,2021-09
Empresa 19721,202105,Não,Sim,2021-05
Empresa 19735,202307,Não,Sim,2023-07
Empresa 19744,202106,Não,Sim,2021-06
Empresa 19773,202101,Não,Sim,2021-01
Empresa 19777,202306,Não,Sim,2023-06
Empresa 19791,202109,Não,Sim,2021-09
Empresa 19797,202112,Não,Sim,2021-12
Empresa 19817,202108,Não,Sim,2021-08
Empresa 19819,202307,Não,Sim,2023-07
Empresa 19835,202012,Não,Sim,2020-12
Empresa 19838,202203,Não,Sim,2022-03
Empresa 19877,202008,Não,Sim,2020-08
Empresa 19884,202306,Não,Sim,2023-06
Empresa 19887,202204,Não,Sim,2022-04
Empresa 19892,202212,Não,Sim,2022-12
Empresa 19896,202103,Não,Sim,2021-03
Empresa 19898,202012,Não,Sim,2020-12
Empresa 19899,202008,Não,Sim,2020-08
Empresa 19923,202002,Não,Sim,2020-02
Empresa 19932,202012,Não,Sim,2020-12
Empresa 19935,202012,Não,Sim,2020-12
Empresa 19937,202101,Não,Sim,2021-01
Empresa 19954,202103,Não,Sim,2021-03
Empresa 19971,202007,Não,Sim,2020-07
Empresa 19983,202008,Não,Sim,2020-08
Empresa 19999,202102,Não,Sim,2021-02
Empresa 20007,202012,Não,Sim,2020-12
Empresa 20032,202007,Não,Sim,2020-07
Empresa 20059,202209,Não,Sim,2022-09
Empresa 20086,202309,Não,Sim,2023-09
Empresa 20089,202007,Não,Sim,2020-07
Empresa 20099,202208,Não,Sim,2022-08
Empresa 201,202309,Não,Sim,2023-09
Empresa 20110,202108,Não,Sim,2021-08
Empresa 20112,202306,Não,Sim,2023-06
Empresa 20133,202206,Não,Sim,2022-06
Empresa 20150,202305,Não,Sim,2023-05
Empresa 20178,202101,Não,Sim,2021-01
Empresa 20184,202207,Não,Sim,2022-07
Empresa 20213,202212,Não,Sim,2022-12
Empresa 20229,202306,Não,Sim,2023-06
Empresa 20233,202301,Não,Sim,2023-01
Empresa 20272,202308,Não,Sim,2023-08
Empresa 20274,202305,Não,Sim,2023-05
Empresa 20317,202211,Não,Sim,2022-11
Empresa 20400,202207,Não,Sim,2022-07
Empresa 20417,202008,Não,Sim,2020-08
Empresa 20472,202303,Não,Sim,2023-03
Empresa 20521,202012,Não,Sim,2020-12
Empresa 20528,202108,Não,Sim,2021-08
Empresa 20547,202309,Não,Sim,2023-09
Empresa 20578,202309,Não,Sim,2023-09
Empresa 2062,202310,Não,Sim,2023-10
Empresa 20638,202308,Não,Sim,2023-08
Empresa 20737,202002,Não,Sim,2020-02
Empresa 20778,202306,Não,Sim,2023-06
Empresa 20780,202011,Não,Sim,2020-11
Empresa 20792,202006,Não,Sim,2020-06
Empresa 20810,202107,Não,Sim,2021-07
Empresa 20829,202008,Não,Sim,2020-08
Empresa 20849,202012,Não,Sim,2020-12
Empresa 20873,202102,Não,Sim,2021-02
Empresa 20887,202101,Não,Sim,2021-01
Empresa 20898,202102,Não,Sim,2021-02
Empresa 20914,202304,Não,Sim,2023-04
Empresa 20945,202212,Não,Sim,2022-12
Empresa 20952,202211,Não,Sim,2022-11
Empresa 20954,202308,Não,Sim,2023-08
Empresa 21014,202012,Não,Sim,2020-12
Empresa 21038,202107,Não,Sim,2021-07
Empresa 21075,202211,Não,Sim,2022-11
Empresa 21076,202008,Não,Sim,2020-08
Empresa 21091,202007,Não,Sim,2020-07
Empresa 21100,202004,Não,Sim,2020-04
Empresa 21106,202103,Não,Sim,2021-03
Empresa 21125,202012,Não,Sim,2020-12
Empresa 21137,202012,Não,Sim,2020-12
Empresa 21151,202007,Não,Sim,2020-07
Empresa 21174,202103,Não,Sim,2021-03
Empresa 21192,202303,Não,Sim,2023-03
Empresa 21222,202212,Não,Sim,2022-12
Empresa 21235,202306,Não,Sim,2023-06
Empresa 21240,202103,Não,Sim,2021-03
Empresa 21242,202102,Não,Sim,2021-02
Empresa 21243,202208,Não,Sim,2022-08
Empresa 21267,202212,Não,Sim,2022-12
Empresa 21274,202301,Não,Sim,2023-01
Empresa 21317,202212,Não,Sim,2022-12
Empresa 21321,202012,Não,Sim,2020-12
Empresa 21326,202211,Não,Sim,2022-11
Empresa 21328,202306,Não,Sim,2023-06
Empresa 21351,202305,Não,Sim,2023-05
Empresa 21367,202306,Não,Sim,2023-06
Empresa 21374,202008,Não,Sim,2020-08
Empresa 21396,202212,Não,Sim,2022-12
Empresa 21402,202305,Não,Sim,2023-05
Empresa 21441,202304,Não,Sim,2023-04
Empresa 21477,202103,Não,Sim,2021-03
Empresa 21493,202205,Não,Sim,2022-05
Empresa 21539,202301,Não,Sim,2023-01
Empresa 21542,202203,Não,Sim,2022-03
Empresa 21603,202102,Não,Sim,2021-02
Empresa 21605,202306,Não,Sim,2023-06
Empresa 21610,202208,Não,Sim,2022-08
Empresa 21685,202206,Não,Sim,2022-06
Empresa 21714,202206,Não,Sim,2022-06
Empresa 21739,202207,Não,Sim,2022-07
Empresa 21807,202303,Não,Sim,2023-03
Empresa 21822,202104,Não,Sim,2021-04
Empresa 21825,202009,Não,Sim,2020-09
Empresa 21853,202207,Não,Sim,2022-07
Empresa 21858,202310,Não,Sim,2023-10
Empresa 21864,202204,Não,Sim,2022-04
Empresa 21931,202102,Não,Sim,2021-02
Empresa 21934,202211,Não,Sim,2022-11
Empresa 21950,202212,Não,Sim,2022-12
Empresa 21974,202012,Não,Sim,2020-12
Empresa 2199,202306,Não,Sim,2023-06
Empresa 21999,202302,Não,Sim,2023-02
Empresa 2201,202209,Não,Sim,2022-09
Empresa 22016,202309,Não,Sim,2023-09
Empresa 22033,202101,Não,Sim,2021-01
Empresa 22091,202011,Não,Sim,2020-11
Empresa 22095,202204,Não,Sim,2022-04
Empresa 22143,202308,Não,Sim,2023-08
Empresa 22161,202111,Não,Sim,2021-11
Empresa 22192,202303,Não,Sim,2023-03
Empresa 22200,202206,Não,Sim,2022-06
Empresa 22204,202306,Não,Sim,2023-06
Empresa 22212,202212,Não,Sim,2022-12
Empresa 22226,202104,Não,Sim,2021-04
Empresa 22234,202007,Não,Sim,2020-07
Empresa 22274,202105,Não,Sim,2021-05
Empresa 22293,202207,Não,Sim,2022-07
Empresa 22319,202203,Não,Sim,2022-03
Empresa 22333,202306,Não,Sim,2023-06
Empresa 22348,202102,Não,Sim,2021-02
Empresa 22349,202205,Não,Sim,2022-05
Empresa 22375,202306,Não,Sim,2023-06
Empresa 22376,202006,Não,Sim,2020-06
Empresa 22383,202306,Não,Sim,2023-06
Empresa 22386,202107,Não,Sim,2021-07
Empresa 22387,202306,Não,Sim,2023-06
Empresa 22525,202103,Não,Sim,2021-03
Empresa 22543,202103,Não,Sim,2021-03
Empresa 22561,202102,Não,Sim,2021-02
Empresa 22583,202006,Não,Sim,2020-06
Empresa 22588,202310,Não,Sim,2023-10
Empresa 22589,202105,Não,Sim,2021-05
Empresa 22609,202211,Não,Sim,2022-11
Empresa 22640,202008,Não,Sim,2020-08
Empresa 22684,202103,Não,Sim,2021-03
Empresa 22685,202011,Não,Sim,2020-11
Empresa 22746,202211,Não,Sim,2022-11
Empresa 22749,202103,Não,Sim,2021-03
Empresa 22763,202307,Não,Sim,2023-07
Empresa 22786,202310,Não,Sim,2023-10
Empresa 22790,202012,Não,Sim,2020-12
Empresa 2280,202308,Não,Sim,2023-08
Empresa 22859,202307,Não,Sim,2023-07
Empresa 22879,202308,Não,Sim,2023-08
Empresa 22887,202308,Não,Sim,2023-08
Empresa 22903,202108,Não,Sim,2021-08
Empresa 22928,202209,Não,Sim,2022-09
Empresa 22942,202303,Não,Sim,2023-03
Empresa 22948,202306,Não,Sim,2023-06
Empresa 22958,202302,Não,Sim,2023-02
Empresa 22972,202012,Não,Sim,2020-12
Empresa 22985,202307,Não,Sim,2023-07
Empresa 22998,202102,Não,Sim,2021-02
Empresa 23049,202212,Não,Sim,2022-12
Empresa 23062,202305,Não,Sim,2023-05
Empresa 23082,202304,Não,Sim,2023-04
Empresa 23087,202103,Não,Sim,2021-03
Empresa 23101,202307,Não,Sim,2023-07
Empresa 2312,202011,Não,Sim,2020-11
Empresa 23121,202309,Não,Sim,2023-09
Empresa 23127,202309,Não,Sim,2023-09
Empresa 23144,202012,Não,Sim,2020-12
Empresa 23154,202307,Não,Sim,2023-07
Empresa 23163,202008,Não,Sim,2020-08
Empresa 23165,202209,Não,Sim,2022-09
Empresa 23168,202103,Não,Sim,2021-03
Empresa 23189,202307,Não,Sim,2023-07
Empresa 23194,202008,Não,Sim,2020-08
Empresa 23200,202103,Não,Sim,2021-03
Empresa 23219,202210,Não,Sim,2022-10
Empresa 23251,202103,Não,Sim,2021-03
Empresa 23265,202209,Não,Sim,2022-09
Empresa 23278,202302,Não,Sim,2023-02
Empresa 23327,202208,Não,Sim,2022-08
Empresa 23350,202012,Não,Sim,2020-12
Empresa 23353,202301,Não,Sim,2023-01
Empresa 23356,202204,Não,Sim,2022-04
Empresa 23379,202101,Não,Sim,2021-01
Empresa 23395,202010,Não,Sim,2020-10
Empresa 23411,202306,Não,Sim,2023-06
Empresa 23429,202307,Não,Sim,2023-07
Empresa 23435,201908,Não,Sim,2019-08
Empresa 23442,202307,Não,Sim,2023-07
Empresa 23451,202308,Não,Sim,2023-08
Empresa 23488,202207,Não,Sim,2022-07
Empresa 23533,202307,Não,Sim,2023-07
Empresa 23537,202008,Não,Sim,2020-08
Empresa 23549,202008,Não,Sim,2020-08
Empresa 23583,202101,Não,Sim,2021-01
Empresa 23586,202309,Não,Sim,2023-09
Empresa 23587,202307,Não,Sim,2023-07
Empresa 23606,202308,Não,Sim,2023-08
Empresa 23621,202308,Não,Sim,2023-08
Empresa 23632,202012,Não,Sim,2020-12
Empresa 23642,202007,Não,Sim,2020-07
Empresa 23663,202008,Não,Sim,2020-08
Empresa 23668,202307,Não,Sim,2023-07
Empresa 23705,202012,Não,Sim,2020-12
Empresa 23715,202102,Não,Sim,2021-02
Empresa 23717,202006,Não,Sim,2020-06
Empresa 23733,202307,Não,Sim,2023-07
Empresa 23759,202307,Não,Sim,2023-07
Empresa 23766,202310,Não,Sim,2023-10
Empresa 23774,202108,Não,Sim,2021-08
Empresa 23775,202012,Não,Sim,2020-12
Empresa 23783,202101,Não,Sim,2021-01
Empresa 23788,202212,Não,Sim,2022-12
Empresa 23826,202108,Não,Sim,2021-08
Empresa 23847,202303,Não,Sim,2023-03
Empresa 23890,202101,Não,Sim,2021-01
Empresa 23899,202102,Não,Sim,2021-02
Empresa 23946,202201,Não,Sim,2022-01
Empresa 23967,202107,Não,Sim,2021-07
Empresa 23979,202307,Não,Sim,2023-07
Empresa 24027,202307,Não,Sim,2023-07
Empresa 24031,202310,Não,Sim,2023-10
Empresa 24052,202307,Não,Sim,2023-07
Empresa 24058,202101,Não,Sim,2021-01
Empresa 24067,202307,Não,Sim,2023-07
Empresa 24078,202308,Não,Sim,2023-08
Empresa 24081,202008,Não,Sim,2020-08
Empresa 24086,202209,Não,Sim,2022-09
Empresa 24106,202306,Não,Sim,2023-06
Empresa 24126,202007,Não,Sim,2020-07
Empresa 24141,202004,Não,Sim,2020-04
Empresa 24143,202204,Não,Sim,2022-04
Empresa 24148,202006,Não,Sim,2020-06
Empresa 24172,202212,Não,Sim,2022-12
Empresa 24178,202308,Não,Sim,2023-08
Empresa 24182,202203,Não,Sim,2022-03
Empresa 24200,202306,Não,Sim,2023-06
Empresa 24220,202110,Não,Sim,2021-10
Empresa 24230,202309,Não,Sim,2023-09
Empresa 24235,202102,Não,Sim,2021-02
Empresa 24241,202306,Não,Sim,2023-06
Empresa 24254,202304,Não,Sim,2023-04
Empresa 24258,202306,Não,Sim,2023-06
Empresa 24267,202012,Não,Sim,2020-12
Empresa 24295,202004,Não,Sim,2020-04
Empresa 243,202309,Não,Sim,2023-09
Empresa 24346,202307,Não,Sim,2023-07
Empresa 24361,202102,Não,Sim,2021-02
Empresa 2437,202203,Não,Sim,2022-03
Empresa 24371,202307,Não,Sim,2023-07
Empresa 24407,202307,Não,Sim,2023-07
Empresa 24441,202102,Não,Sim,2021-02
Empresa 24445,202211,Não,Sim,2022-11
Empresa 24478,202302,Não,Sim,2023-02
Empresa 24502,202008,Não,Sim,2020-08
Empresa 24528,202109,Não,Sim,2021-09
Empresa 24544,202012,Não,Sim,2020-12
Empresa 24547,202310,Não,Sim,2023-10
Empresa 24575,202309,Não,Sim,2023-09
Empresa 24585,202306,Não,Sim,2023-06
Empresa 24618,202009,Não,Sim,2020-09
Empresa 24627,202012,Não,Sim,2020-12
Empresa 2463,202101,Não,Sim,2021-01
Empresa 24650,202109,Não,Sim,2021-09
Empresa 24656,202111,Não,Sim,2021-11
Empresa 24660,202102,Não,Sim,2021-02
Empresa 24672,202307,Não,Sim,2023-07
Empresa 24682,202211,Não,Sim,2022-11
Empresa 247,202307,Não,Sim,2023-07
Empresa 24715,202307,Não,Sim,2023-07
Empresa 24716,202009,Não,Sim,2020-09
Empresa 24725,202104,Não,Sim,2021-04
Empresa 24753,202012,Não,Sim,2020-12
Empresa 24776,202012,Não,Sim,2020-12
Empresa 24778,202212,Não,Sim,2022-12
Empresa 24779,202307,Não,Sim,2023-07
Empresa 24797,202102,Não,Sim,2021-02
Empresa 24805,202007,Não,Sim,2020-07
Empresa 24813,202006,Não,Sim,2020-06
Empresa 24816,202307,Não,Sim,2023-07
Empresa 24829,202103,Não,Sim,2021-03
Empresa 24835,202309,Não,Sim,2023-09
Empresa 24859,202211,Não,Sim,2022-11
Empresa 24894,202001,Não,Sim,2020-01
Empresa 24895,202104,Não,Sim,2021-04
Empresa 24919,202305,Não,Sim,2023-05
Empresa 24960,202308,Não,Sim,2023-08
Empresa 24966,202307,Não,Sim,2023-07
Empresa 24975,202209,Não,Sim,2022-09
Empresa 24992,202308,Não,Sim,2023-08
Empresa 25041,202201,Não,Sim,2022-01
Empresa 25044,202004,Não,Sim,2020-04
Empresa 25063,202308,Não,Sim,2023-08
Empresa 25088,202306,Não,Sim,2023-06
Empresa 25102,202101,Não,Sim,2021-01
Empresa 25144,202308,Não,Sim,2023-08
Empresa 25157,202307,Não,Sim,2023-07
Empresa 25246,202204,Não,Sim,2022-04
Empresa 25251,202304,Não,Sim,2023-04
Empresa 25259,202308,Não,Sim,2023-08
Empresa 25268,202302,Não,Sim,2023-02
Empresa 25282,202308,Não,Sim,2023-08
Empresa 25292,202307,Não,Sim,2023-07
Empresa 25294,202012,Não,Sim,2020-12
Empresa 25310,202208,Não,Sim,2022-08
Empresa 25311,202011,Não,Sim,2020-11
Empresa 25322,202103,Não,Sim,2021-03
Empresa 25352,202203,Não,Sim,2022-03
Empresa 25381,202007,Não,Sim,2020-07
Empresa 25426,202212,Não,Sim,2022-12
Empresa 25428,202308,Não,Sim,2023-08
Empresa 25434,202212,Não,Sim,2022-12
Empresa 25454,202205,Não,Sim,2022-05
Empresa 25471,202307,Não,Sim,2023-07
Empresa 25476,202203,Não,Sim,2022-03
Empresa 25480,202307,Não,Sim,2023-07
Empresa 25539,202307,Não,Sim,2023-07
Empresa 25546,202101,Não,Sim,2021-01
Empresa 25550,202004,Não,Sim,2020-04
Empresa 25564,202007,Não,Sim,2020-07
Empresa 25576,202105,Não,Sim,2021-05
Empresa 2559,202012,Não,Sim,2020-12
Empresa 25611,202205,Não,Sim,2022-05
Empresa 25640,202012,Não,Sim,2020-12
Empresa 25658,202211,Não,Sim,2022-11
Empresa 25674,202308,Não,Sim,2023-08
Empresa 25692,202303,Não,Sim,2023-03
Empresa 25707,202212,Não,Sim,2022-12
Empresa 25708,202305,Não,Sim,2023-05
Empresa 25740,202012,Não,Sim,2020-12
Empresa 25746,202209,Não,Sim,2022-09
Empresa 25773,202307,Não,Sim,2023-07
Empresa 25775,202303,Não,Sim,2023-03
Empresa 25791,202112,Não,Sim,2021-12
Empresa 25805,202307,Não,Sim,2023-07
Empresa 25809,202308,Não,Sim,2023-08
Empresa 25810,202012,Não,Sim,2020-12
Empresa 25827,202306,Não,Sim,2023-06
Empresa 25852,202307,Não,Sim,2023-07
Empresa 25876,202309,Não,Sim,2023-09
Empresa 25906,202008,Não,Sim,2020-08
Empresa 25918,202012,Não,Sim,2020-12
Empresa 25924,202105,Não,Sim,2021-05
Empresa 25948,202203,Não,Sim,2022-03
Empresa 26013,202101,Não,Sim,2021-01
Empresa 26045,202104,Não,Sim,2021-04
Empresa 2605,202008,Não,Sim,2020-08
Empresa 26052,202303,Não,Sim,2023-03
Empresa 26059,202101,Não,Sim,2021-01
Empresa 26101,202008,Não,Sim,2020-08
Empresa 26109,202205,Não,Sim,2022-05
Empresa 26110,202103,Não,Sim,2021-03
Empresa 26124,202308,Não,Sim,2023-08
Empresa 26140,202007,Não,Sim,2020-07
Empresa 26162,202004,Não,Sim,2020-04
Empresa 26199,202012,Não,Sim,2020-12
Empresa 26232,202008,Não,Sim,2020-08
Empresa 26256,202105,Não,Sim,2021-05
Empresa 26292,202308,Não,Sim,2023-08
Empresa 26324,202007,Não,Sim,2020-07
Empresa 26336,202007,Não,Sim,2020-07
Empresa 26364,202201,Não,Sim,2022-01
Empresa 26374,202105,Não,Sim,2021-05
Empresa 26414,202308,Não,Sim,2023-08
Empresa 26424,202206,Não,Sim,2022-06
Empresa 26430,202307,Não,Sim,2023-07
Empresa 26440,202305,Não,Sim,2023-05
Empresa 26470,202205,Não,Sim,2022-05
Empresa 26490,202306,Não,Sim,2023-06
Empresa 26498,202212,Não,Sim,2022-12
Empresa 26524,202206,Não,Sim,2022-06
Empresa 26539,202307,Não,Sim,2023-07
Empresa 26540,202205,Não,Sim,2022-05
Empresa 26560,202104,Não,Sim,2021-04
Empresa 26589,202301,Não,Sim,2023-01
Empresa 26596,202105,Não,Sim,2021-05
Empresa 26597,202102,Não,Sim,2021-02
Empresa 26601,202112,Não,Sim,2021-12
Empresa 26606,202307,Não,Sim,2023-07
Empresa 26619,202308,Não,Sim,2023-08
Empresa 26621,202308,Não,Sim,2023-08
Empresa 26629,202308,Não,Sim,2023-08
Empresa 26641,202306,Não,Sim,2023-06
Empresa 26675,202309,Não,Sim,2023-09
Empresa 26712,202309,Não,Sim,2023-09
Empresa 26716,202308,Não,Sim,2023-08
Empresa 26725,202301,Não,Sim,2023-01
Empresa 26729,202309,Não,Sim,2023-09
Empresa 26737,202209,Não,Sim,2022-09
Empresa 2675,202305,Não,Sim,2023-05
Empresa 26754,202007,Não,Sim,2020-07
Empresa 26758,202206,Não,Sim,2022-06
Empresa 26759,202309,Não,Sim,2023-09
Empresa 26769,202103,Não,Sim,2021-03
Empresa 26800,202309,Não,Sim,2023-09
Empresa 26801,202210,Não,Sim,2022-10
Empresa 26805,202307,Não,Sim,2023-07
Empresa 26822,202012,Não,Sim,2020-12
Empresa 26872,202103,Não,Sim,2021-03
Empresa 26889,202309,Não,Sim,2023-09
Empresa 26891,202107,Não,Sim,2021-07
Empresa 26911,202208,Não,Sim,2022-08
Empresa 26915,202101,Não,Sim,2021-01
Empresa 26929,202308,Não,Sim,2023-08
Empresa 26932,202203,Não,Sim,2022-03
Empresa 26940,202210,Não,Sim,2022-10
Empresa 26955,202206,Não,Sim,2022-06
Empresa 26957,202206,Não,Sim,2022-06
Empresa 26971,202004,Não,Sim,2020-04
Empresa 26983,202308,Não,Sim,2023-08
Empresa 26992,202308,Não,Sim,2023-08
Empresa 26995,202102,Não,Sim,2021-02
Empresa 26996,202209,Não,Sim,2022-09
Empresa 27000,202304,Não,Sim,2023-04
Empresa 27031,202210,Não,Sim,2022-10
Empresa 27068,202206,Não,Sim,2022-06
Empresa 27090,202308,Não,Sim,2023-08
Empresa 27099,202103,Não,Sim,2021-03
Empresa 27111,202007,Não,Sim,2020-07
Empresa 27130,202308,Não,Sim,2023-08
Empresa 27132,202201,Não,Sim,2022-01
Empresa 27136,202308,Não,Sim,2023-08
Empresa 27137,202309,Não,Sim,2023-09
Empresa 27147,202011,Não,Sim,2020-11
Empresa 27149,202308,Não,Sim,2023-08
Empresa 27171,202309,Não,Sim,2023-09
Empresa 27178,202212,Não,Sim,2022-12
Empresa 27213,202101,Não,Sim,2021-01
Empresa 27233,202111,Não,Sim,2021-11
Empresa 27262,202212,Não,Sim,2022-12
Empresa 27373,202209,Não,Sim,2022-09
Empresa 27383,202103,Não,Sim,2021-03
Empresa 27414,202211,Não,Sim,2022-11
Empresa 27422,202304,Não,Sim,2023-04
Empresa 27437,202108,Não,Sim,2021-08
Empresa 27445,202210,Não,Sim,2022-10
Empresa 27480,202311,Não,Sim,2023-11
Empresa 27486,202310,Não,Sim,2023-10
Empresa 27502,202310,Não,Sim,2023-10
Empresa 27519,202310,Não,Sim,2023-10
Empresa 27521,202008,Não,Sim,2020-08
Empresa 27532,202108,Não,Sim,2021-08
Empresa 27536,202309,Não,Sim,2023-09
Empresa 27540,202305,Não,Sim,2023-05
Empresa 27553,202309,Não,Sim,2023-09
Empresa 27554,202108,Não,Sim,2021-08
Empresa 27583,202105,Não,Sim,2021-05
Empresa 27606,202310,Não,Sim,2023-10
Empresa 27609,202310,Não,Sim,2023-10
Empresa 27626,202104,Não,Sim,2021-04
Empresa 27630,202310,Não,Sim,2023-10
Empresa 27679,202310,Não,Sim,2023-10
Empresa 27681,202310,Não,Sim,2023-10
Empresa 27686,202310,Não,Sim,2023-10
Empresa 27695,202212,Não,Sim,2022-12
Empresa 27704,202206,Não,Sim,2022-06
Empresa 27710,202205,Não,Sim,2022-05
Empresa 27723,202310,Não,Sim,2023-10
Empresa 27747,201912,Não,Sim,2019-12
Empresa 27751,202309,Não,Sim,2023-09
Empresa 27798,202310,Não,Sim,2023-10
Empresa 27810,202007,Não,Sim,2020-07
Empresa 27822,202309,Não,Sim,2023-09
Empresa 27823,202310,Não,Sim,2023-10
Empresa 27845,202307,Não,Sim,2023-07
Empresa 27855,202301,Não,Sim,2023-01
Empresa 27893,202310,Não,Sim,2023-10
Empresa 27907,202203,Não,Sim,2022-03
Empresa 27908,202310,Não,Sim,2023-10
Empresa 27913,202304,Não,Sim,2023-04
Empresa 27927,202107,Não,Sim,2021-07
Empresa 27929,202310,Não,Sim,2023-10
Empresa 27935,202212,Não,Sim,2022-12
Empresa 27968,202309,Não,Sim,2023-09
Empresa 27975,202007,Não,Sim,2020-07
Empresa 27978,202310,Não,Sim,2023-10
Empresa 27986,202310,Não,Sim,2023-10
Empresa 28000,202310,Não,Sim,2023-10
Empresa 28012,202310,Não,Sim,2023-10
Empresa 28017,202111,Não,Sim,2021-11
Empresa 28023,202309,Não,Sim,2023-09
Empresa 28044,202309,Não,Sim,2023-09
Empresa 28057,202310,Não,Sim,2023-10
Empresa 28060,202310,Não,Sim,2023-10
Empresa 28073,202211,Não,Sim,2022-11
Empresa 28077,202310,Não,Sim,2023-10
Empresa 28082,202310,Não,Sim,2023-10
Empresa 28105,202208,Não,Sim,2022-08
Empresa 28128,201912,Não,Sim,2019-12
Empresa 28134,202301,Não,Sim,2023-01
Empresa 28141,202310,Não,Sim,2023-10
Empresa 28149,202307,Não,Sim,2023-07
Empresa 28152,202304,Não,Sim,2023-04
Empresa 28177,202008,Não,Sim,2020-08
Empresa 28207,202007,Não,Sim,2020-07
Empresa 28215,202310,Não,Sim,2023-10
Empresa 28259,202309,Não,Sim,2023-09
Empresa 28278,202310,Não,Sim,2023-10
Empresa 2828,202211,Não,Sim,2022-11
Empresa 28287,202012,Não,Sim,2020-12
Empresa 28296,202310,Não,Sim,2023-10
Empresa 28305,202310,Não,Sim,2023-10
Empresa 28316,202310,Não,Sim,2023-10
Empresa 28341,202006,Não,Sim,2020-06
Empresa 28352,202308,Não,Sim,2023-08
Empresa 28358,202301,Não,Sim,2023-01
Empresa 28368,202310,Não,Sim,2023-10
Empresa 2837,202210,Não,Sim,2022-10
Empresa 28372,202212,Não,Sim,2022-12
Empresa 28378,202008,Não,Sim,2020-08
Empresa 2838,202211,Não,Sim,2022-11
Empresa 28403,202207,Não,Sim,2022-07
Empresa 28407,202208,Não,Sim,2022-08
Empresa 28410,202208,Não,Sim,2022-08
Empresa 28411,202208,Não,Sim,2022-08
Empresa 28413,202208,Não,Sim,2022-08
Empresa 28416,202208,Não,Sim,2022-08
Empresa 28420,202208,Não,Sim,2022-08
Empresa 28423,202210,Não,Sim,2022-10
Empresa 28439,202308,Não,Sim,2023-08
Empresa 28457,202109,Não,Sim,2021-09
Empresa 28463,202111,Não,Sim,2021-11
Empresa 28465,202112,Não,Sim,2021-12
Empresa 28466,202201,Não,Sim,2022-01
Empresa 28467,202204,Não,Sim,2022-04
Empresa 2847,202208,Não,Sim,2022-08
Empresa 28489,202310,Não,Sim,2023-10
Empresa 28490,202310,Não,Sim,2023-10
Empresa 28500,202204,Não,Sim,2022-04
Empresa 28504,202204,Não,Sim,2022-04
Empresa 2851,202208,Não,Sim,2022-08
Empresa 28518,202204,Não,Sim,2022-04
Empresa 28522,202204,Não,Sim,2022-04
Empresa 28535,202204,Não,Sim,2022-04
Empresa 2854,202301,Não,Sim,2023-01
Empresa 28555,202204,Não,Sim,2022-04
Empresa 28571,202205,Não,Sim,2022-05
Empresa 28575,202205,Não,Sim,2022-05
Empresa 28585,202205,Não,Sim,2022-05
Empresa 28592,202205,Não,Sim,2022-05
Empresa 28614,202207,Não,Sim,2022-07
Empresa 28621,202207,Não,Sim,2022-07
Empresa 28623,202207,Não,Sim,2022-07
Empresa 28625,202207,Não,Sim,2022-07
Empresa 28632,202207,Não,Sim,2022-07
Empresa 28635,202207,Não,Sim,2022-07
Empresa 28638,202207,Não,Sim,2022-07
Empresa 28642,202207,Não,Sim,2022-07
Empresa 28643,202207,Não,Sim,2022-07
Empresa 28649,202207,Não,Sim,2022-07
Empresa 28657,202207,Não,Sim,2022-07
Empresa 28676,202208,Não,Sim,2022-08
Empresa 28678,202208,Não,Sim,2022-08
Empresa 28686,202310,Não,Sim,2023-10
Empresa 28699,202109,Não,Sim,2021-09
Empresa 28704,202111,Não,Sim,2021-11
Empresa 28761,202011,Não,Sim,2020-11
Empresa 28762,202011,Não,Sim,2020-11
Empresa 28767,202012,Não,Sim,2020-12
Empresa 28775,202012,Não,Sim,2020-12
Empresa 28794,202012,Não,Sim,2020-12
Empresa 28812,202012,Não,Sim,2020-12
Empresa 28834,202101,Não,Sim,2021-01
Empresa 28855,202103,Não,Sim,2021-03
Empresa 28859,202103,Não,Sim,2021-03
Empresa 28879,202104,Não,Sim,2021-04
Empresa 28881,202105,Não,Sim,2021-05
Empresa 28908,202106,Não,Sim,2021-06
Empresa 28909,202106,Não,Sim,2021-06
Empresa 28912,202106,Não,Sim,2021-06
Empresa 28913,202106,Não,Sim,2021-06
Empresa 28943,202201,Não,Sim,2022-01
Empresa 28968,202212,Não,Sim,2022-12
Empresa 28986,202309,Não,Sim,2023-09
Empresa 28994,202210,Não,Sim,2022-10
Empresa 28998,202211,Não,Sim,2022-11
Empresa 29000,202211,Não,Sim,2022-11
Empresa 29003,202211,Não,Sim,2022-11
Empresa 29010,202211,Não,Sim,2022-11
Empresa 29012,202211,Não,Sim,2022-11
Empresa 29016,202211,Não,Sim,2022-11
Empresa 29017,202211,Não,Sim,2022-11
Empresa 29018,202211,Não,Sim,2022-11
Empresa 29019,202211,Não,Sim,2022-11
Empresa 29027,202212,Não,Sim,2022-12
Empresa 29030,202212,Não,Sim,2022-12
Empresa 29032,202212,Não,Sim,2022-12
Empresa 29036,202212,Não,Sim,2022-12
Empresa 29037,202301,Não,Sim,2023-01
Empresa 29047,202302,Não,Sim,2023-02
Empresa 29053,202303,Não,Sim,2023-03
Empresa 29070,202303,Não,Sim,2023-03
Empresa 29072,202304,Não,Sim,2023-04
Empresa 29077,202304,Não,Sim,2023-04
Empresa 29078,202305,Não,Sim,2023-05
Empresa 2908,202209,Não,Sim,2022-09
Empresa 29086,202306,Não,Sim,2023-06
Empresa 29098,202306,Não,Sim,2023-06
Empresa 2910,202204,Não,Sim,2022-04
Empresa 29103,202307,Não,Sim,2023-07
Empresa 29111,202307,Não,Sim,2023-07
Empresa 29114,202308,Não,Sim,2023-08
Empresa 29116,202308,Não,Sim,2023-08
Empresa 29353,202205,Não,Sim,2022-05
Empresa 29354,202309,Não,Sim,2023-09
Empresa 29361,202107,Não,Sim,2021-07
Empresa 29419,202208,Não,Sim,2022-08
Empresa 29426,202210,Não,Sim,2022-10
Empresa 29436,202301,Não,Sim,2023-01
Empresa 29445,202310,Não,Sim,2023-10
Empresa 29447,202311,Não,Sim,2023-11
Empresa 29483,202204,Não,Sim,2022-04
Empresa 29499,202012,Não,Sim,2020-12
Empresa 29502,202105,Não,Sim,2021-05
Empresa 29503,202106,Não,Sim,2021-06
Empresa 29504,202106,Não,Sim,2021-06
Empresa 29505,202106,Não,Sim,2021-06
Empresa 29507,202106,Não,Sim,2021-06
Empresa 29511,202201,Não,Sim,2022-01
Empresa 29512,202201,Não,Sim,2022-01
Empresa 29521,202308,Não,Sim,2023-08
Empresa 29530,202309,Não,Sim,2023-09
Empresa 29545,202012,Não,Sim,2020-12
Empresa 29550,202101,Não,Sim,2021-01
Empresa 29551,202101,Não,Sim,2021-01
Empresa 29555,202101,Não,Sim,2021-01
Empresa 29565,202103,Não,Sim,2021-03
Empresa 29566,202103,Não,Sim,2021-03
Empresa 29573,202103,Não,Sim,2021-03
Empresa 29577,202103,Não,Sim,2021-03
Empresa 29587,202104,Não,Sim,2021-04
Empresa 29589,202105,Não,Sim,2021-05
Empresa 29597,202107,Não,Sim,2021-07
Empresa 29599,202107,Não,Sim,2021-07
Empresa 29600,202108,Não,Sim,2021-08
Empresa 29603,202110,Não,Sim,2021-10
Empresa 29606,202110,Não,Sim,2021-10
Empresa 29607,202110,Não,Sim,2021-10
Empresa 29619,202202,Não,Sim,2022-02
Empresa 29639,202303,Não,Sim,2023-03
Empresa 29642,202307,Não,Sim,2023-07
Empresa 29645,202308,Não,Sim,2023-08
Empresa 29672,202106,Não,Sim,2021-06
Empresa 29735,202111,Não,Sim,2021-11
Empresa 29736,202112,Não,Sim,2021-12
Empresa 29744,202207,Não,Sim,2022-07
Empresa 29747,202210,Não,Sim,2022-10
Empresa 29752,202212,Não,Sim,2022-12
Empresa 29754,202301,Não,Sim,2023-01
Empresa 29756,202303,Não,Sim,2023-03
Empresa 29759,202303,Não,Sim,2023-03
Empresa 29760,202304,Não,Sim,2023-04
Empresa 29761,202304,Não,Sim,2023-04
Empresa 29765,202107,Não,Sim,2021-07
Empresa 29767,202107,Não,Sim,2021-07
Empresa 29768,202107,Não,Sim,2021-07
Empresa 29773,202107,Não,Sim,2021-07
Empresa 29775,202107,Não,Sim,2021-07
Empresa 29781,202110,Não,Sim,2021-10
Empresa 29784,202111,Não,Sim,2021-11
Empresa 29790,202112,Não,Sim,2021-12
Empresa 29793,202203,Não,Sim,2022-03
Empresa 29796,202206,Não,Sim,2022-06
Empresa 29798,202211,Não,Sim,2022-11
Empresa 29844,202105,Não,Sim,2021-05
Empresa 29850,202110,Não,Sim,2021-10
Empresa 29855,202201,Não,Sim,2022-01
Empresa 29858,202203,Não,Sim,2022-03
Empresa 29859,202203,Não,Sim,2022-03
Empresa 29867,202203,Não,Sim,2022-03
Empresa 29884,202207,Não,Sim,2022-07
Empresa 29898,202211,Não,Sim,2022-11
Empresa 29903,202211,Não,Sim,2022-11
Empresa 29904,202211,Não,Sim,2022-11
Empresa 29906,202211,Não,Sim,2022-11
Empresa 29907,202211,Não,Sim,2022-11
Empresa 29944,202112,Não,Sim,2021-12
Empresa 29947,202201,Não,Sim,2022-01
Empresa 29958,202207,Não,Sim,2022-07
Empresa 29959,202207,Não,Sim,2022-07
Empresa 29960,202208,Não,Sim,2022-08
Empresa 29973,202311,Não,Sim,2023-11
Empresa 29984,202210,Não,Sim,2022-10
Empresa 29993,202212,Não,Sim,2022-12
Empresa 30005,202212,Não,Sim,2022-12
Empresa 30017,202301,Não,Sim,2023-01
Empresa 30027,202302,Não,Sim,2023-02
Empresa 30029,202303,Não,Sim,2023-03
Empresa 30049,202309,Não,Sim,2023-09
Empresa 30061,201912,Não,Sim,2019-12
Empresa 30062,201912,Não,Sim,2019-12
Empresa 30063,201912,Não,Sim,2019-12
Empresa 30064,201912,Não,Sim,2019-12
Empresa 30068,201912,Não,Sim,2019-12
Empresa 30071,201912,Não,Sim,2019-12
Empresa 30073,201912,Não,Sim,2019-12
Empresa 30075,201912,Não,Sim,2019-12
Empresa 30078,201912,Não,Sim,2019-12
Empresa 30080,201912,Não,Sim,2019-12
Empresa 30082,202001,Não,Sim,2020-01
Empresa 30084,202001,Não,Sim,2020-01
Empresa 30085,202001,Não,Sim,2020-01
Empresa 30089,202001,Não,Sim,2020-01
Empresa 30090,202001,Não,Sim,2020-01
Empresa 30102,202002,Não,Sim,2020-02
Empresa 30103,202002,Não,Sim,2020-02
Empresa 30112,202002,Não,Sim,2020-02
Empresa 30115,202002,Não,Sim,2020-02
Empresa 30126,202003,Não,Sim,2020-03
Empresa 30127,202003,Não,Sim,2020-03
Empresa 30128,202003,Não,Sim,2020-03
Empresa 30135,202004,Não,Sim,2020-04
Empresa 30139,202004,Não,Sim,2020-04
Empresa 30141,202004,Não,Sim,2020-04
Empresa 30148,202004,Não,Sim,2020-04
Empresa 30153,202005,Não,Sim,2020-05
Empresa 30155,202005,Não,Sim,2020-05
Empresa 30159,202005,Não,Sim,2020-05
Empresa 30164,202005,Não,Sim,2020-05
Empresa 30171,202006,Não,Sim,2020-06
Empresa 30172,202006,Não,Sim,2020-06
Empresa 30177,202006,Não,Sim,2020-06
Empresa 30179,202006,Não,Sim,2020-06
Empresa 30182,202006,Não,Sim,2020-06
Empresa 30183,202006,Não,Sim,2020-06
Empresa 30186,202007,Não,Sim,2020-07
Empresa 30187,202007,Não,Sim,2020-07
Empresa 30190,202007,Não,Sim,2020-07
Empresa 30191,202007,Não,Sim,2020-07
Empresa 30192,202007,Não,Sim,2020-07
Empresa 30196,202007,Não,Sim,2020-07
Empresa 30202,202007,Não,Sim,2020-07
Empresa 30203,202007,Não,Sim,2020-07
Empresa 30204,202007,Não,Sim,2020-07
Empresa 30206,202007,Não,Sim,2020-07
Empresa 30207,202007,Não,Sim,2020-07
Empresa 30209,202007,Não,Sim,2020-07
Empresa 30210,202007,Não,Sim,2020-07
Empresa 30214,202007,Não,Sim,2020-07
Empresa 30218,202007,Não,Sim,2020-07
Empresa 30223,202007,Não,Sim,2020-07
Empresa 30224,202007,Não,Sim,2020-07
Empresa 30226,202007,Não,Sim,2020-07
Empresa 30227,202007,Não,Sim,2020-07
Empresa 30228,202007,Não,Sim,2020-07
Empresa 30229,202007,Não,Sim,2020-07
Empresa 30231,202007,Não,Sim,2020-07
Empresa 30232,202007,Não,Sim,2020-07
Empresa 30233,202007,Não,Sim,2020-07
Empresa 30235,202007,Não,Sim,2020-07
Empresa 30236,202007,Não,Sim,2020-07
Empresa 30238,202007,Não,Sim,2020-07
Empresa 30240,202007,Não,Sim,2020-07
Empresa 30245,202007,Não,Sim,2020-07
Empresa 30249,202007,Não,Sim,2020-07
Empresa 30250,202007,Não,Sim,2020-07
Empresa 30251,202007,Não,Sim,2020-07
Empresa 30253,202007,Não,Sim,2020-07
Empresa 30254,202007,Não,Sim,2020-07
Empresa 30256,202007,Não,Sim,2020-07
Empresa 30257,202007,Não,Sim,2020-07
Empresa 30258,202007,Não,Sim,2020-07
Empresa 30260,202007,Não,Sim,2020-07
Empresa 30261,202007,Não,Sim,2020-07
Empresa 30262,202007,Não,Sim,2020-07
Empresa 30264,202007,Não,Sim,2020-07
Empresa 30265,202007,Não,Sim,2020-07
Empresa 30267,202007,Não,Sim,2020-07
Empresa 30268,202007,Não,Sim,2020-07
Empresa 30271,202008,Não,Sim,2020-08
Empresa 30275,202008,Não,Sim,2020-08
Empresa 30277,202008,Não,Sim,2020-08
Empresa 30281,202008,Não,Sim,2020-08
Empresa 30282,202008,Não,Sim,2020-08
Empresa 30285,202008,Não,Sim,2020-08
Empresa 30286,202008,Não,Sim,2020-08
Empresa 30297,202008,Não,Sim,2020-08
Empresa 30300,202008,Não,Sim,2020-08
Empresa 30304,202008,Não,Sim,2020-08
Empresa 30319,202008,Não,Sim,2020-08
Empresa 30327,202008,Não,Sim,2020-08
Empresa 30357,202008,Não,Sim,2020-08
Empresa 30369,202008,Não,Sim,2020-08
Empresa 30381,202008,Não,Sim,2020-08
Empresa 30383,202008,Não,Sim,2020-08
Empresa 30397,202008,Não,Sim,2020-08
Empresa 30418,202008,Não,Sim,2020-08
Empresa 30428,202008,Não,Sim,2020-08
Empresa 30441,202008,Não,Sim,2020-08
Empresa 30442,202008,Não,Sim,2020-08
Empresa 30443,202008,Não,Sim,2020-08
Empresa 30450,202008,Não,Sim,2020-08
Empresa 30452,202008,Não,Sim,2020-08
Empresa 30458,202009,Não,Sim,2020-09
Empresa 30491,202011,Não,Sim,2020-11
Empresa 30492,202011,Não,Sim,2020-11
Empresa 30493,202011,Não,Sim,2020-11
Empresa 30498,202011,Não,Sim,2020-11
Empresa 30501,202011,Não,Sim,2020-11
Empresa 30502,202011,Não,Sim,2020-11
Empresa 30508,202011,Não,Sim,2020-11
Empresa 30511,202011,Não,Sim,2020-11
Empresa 30512,202011,Não,Sim,2020-11
Empresa 30516,202012,Não,Sim,2020-12
Empresa 30524,202101,Não,Sim,2021-01
Empresa 30528,202101,Não,Sim,2021-01
Empresa 30531,202101,Não,Sim,2021-01
Empresa 30532,202101,Não,Sim,2021-01
Empresa 30533,202101,Não,Sim,2021-01
Empresa 30535,202101,Não,Sim,2021-01
Empresa 30540,202101,Não,Sim,2021-01
Empresa 30541,202101,Não,Sim,2021-01
Empresa 30560,202101,Não,Sim,2021-01
Empresa 30561,202101,Não,Sim,2021-01
Empresa 30564,202102,Não,Sim,2021-02
Empresa 30570,202102,Não,Sim,2021-02
Empresa 30573,202102,Não,Sim,2021-02
Empresa 30575,202102,Não,Sim,2021-02
Empresa 30577,202102,Não,Sim,2021-02
Empresa 30580,202102,Não,Sim,2021-02
Empresa 30581,202102,Não,Sim,2021-02
Empresa 30596,202102,Não,Sim,2021-02
Empresa 30597,202102,Não,Sim,2021-02
Empresa 30601,202103,Não,Sim,2021-03
Empresa 30602,202103,Não,Sim,2021-03
Empresa 30604,202103,Não,Sim,2021-03
Empresa 30605,202103,Não,Sim,2021-03
Empresa 30606,202103,Não,Sim,2021-03
Empresa 30607,202103,Não,Sim,2021-03
Empresa 30610,202103,Não,Sim,2021-03
Empresa 30612,202103,Não,Sim,2021-03
Empresa 30615,202103,Não,Sim,2021-03
Empresa 30616,202103,Não,Sim,2021-03
Empresa 30620,202103,Não,Sim,2021-03
Empresa 30622,202103,Não,Sim,2021-03
Empresa 30623,202103,Não,Sim,2021-03
Empresa 30626,202103,Não,Sim,2021-03
Empresa 30627,202103,Não,Sim,2021-03
Empresa 30632,202103,Não,Sim,2021-03
Empresa 30637,202103,Não,Sim,2021-03
Empresa 30641,202103,Não,Sim,2021-03
Empresa 30642,202103,Não,Sim,2021-03
Empresa 30648,202103,Não,Sim,2021-03
Empresa 30649,202103,Não,Sim,2021-03
Empresa 30655,202103,Não,Sim,2021-03
Empresa 30657,202103,Não,Sim,2021-03
Empresa 30661,202103,Não,Sim,2021-03
Empresa 30662,202103,Não,Sim,2021-03
Empresa 30673,202103,Não,Sim,2021-03
Empresa 30674,202103,Não,Sim,2021-03
Empresa 30677,202103,Não,Sim,2021-03
Empresa 30682,202103,Não,Sim,2021-03
Empresa 30683,202103,Não,Sim,2021-03
Empresa 30687,202104,Não,Sim,2021-04
Empresa 30688,202104,Não,Sim,2021-04
Empresa 30689,202104,Não,Sim,2021-04
Empresa 30696,202104,Não,Sim,2021-04
Empresa 30704,202104,Não,Sim,2021-04
Empresa 30711,202104,Não,Sim,2021-04
Empresa 30727,202106,Não,Sim,2021-06
Empresa 30729,202106,Não,Sim,2021-06
Empresa 30735,202107,Não,Sim,2021-07
Empresa 30761,202108,Não,Sim,2021-08
Empresa 30763,202108,Não,Sim,2021-08
Empresa 30764,202108,Não,Sim,2021-08
Empresa 30797,202203,Não,Sim,2022-03
Empresa 30800,202203,Não,Sim,2022-03
Empresa 30803,202204,Não,Sim,2022-04
Empresa 30810,202205,Não,Sim,2022-05
Empresa 30812,202205,Não,Sim,2022-05
Empresa 30813,202205,Não,Sim,2022-05
Empresa 30814,202205,Não,Sim,2022-05
Empresa 30816,202205,Não,Sim,2022-05
Empresa 30819,202205,Não,Sim,2022-05
Empresa 30821,202206,Não,Sim,2022-06
Empresa 30826,202206,Não,Sim,2022-06
Empresa 30827,202206,Não,Sim,2022-06
Empresa 30828,202207,Não,Sim,2022-07
Empresa 30834,202208,Não,Sim,2022-08
Empresa 30841,202209,Não,Sim,2022-09
Empresa 30848,202210,Não,Sim,2022-10
Empresa 30849,202211,Não,Sim,2022-11
Empresa 30850,202212,Não,Sim,2022-12
Empresa 30878,202310,Não,Sim,2023-10
Empresa 30890,202105,Não,Sim,2021-05
Empresa 30891,202105,Não,Sim,2021-05
Empresa 30893,202105,Não,Sim,2021-05
Empresa 30898,202105,Não,Sim,2021-05
Empresa 30948,202107,Não,Sim,2021-07
Empresa 30960,202107,Não,Sim,2021-07
Empresa 30973,202108,Não,Sim,2021-08
Empresa 30991,202108,Não,Sim,2021-08
Empresa 30994,202109,Não,Sim,2021-09
Empresa 31001,202109,Não,Sim,2021-09
Empresa 31003,202109,Não,Sim,2021-09
Empresa 31011,202109,Não,Sim,2021-09
Empresa 31022,202110,Não,Sim,2021-10
Empresa 31038,202111,Não,Sim,2021-11
Empresa 31054,202112,Não,Sim,2021-12
Empresa 31076,202202,Não,Sim,2022-02
Empresa 31123,202208,Não,Sim,2022-08
Empresa 31130,202208,Não,Sim,2022-08
Empresa 31178,202306,Não,Sim,2023-06
Empresa 31188,202307,Não,Sim,2023-07
Empresa 31227,202310,Não,Sim,2023-10
Empresa 31242,202209,Não,Sim,2022-09
Empresa 31246,202209,Não,Sim,2022-09
Empresa 31259,202212,Não,Sim,2022-12
Empresa 31261,202212,Não,Sim,2022-12
Empresa 31264,202301,Não,Sim,2023-01
Empresa 31266,202301,Não,Sim,2023-01
Empresa 31275,202302,Não,Sim,2023-02
Empresa 31279,202302,Não,Sim,2023-02
Empresa 31297,202306,Não,Sim,2023-06
Empresa 31304,202307,Não,Sim,2023-07
Empresa 31310,202307,Não,Sim,2023-07
Empresa 31333,202310,Não,Sim,2023-10
Empresa 31370,201912,Não,Sim,2019-12
Empresa 31372,201912,Não,Sim,2019-12
Empresa 31408,202003,Não,Sim,2020-03
Empresa 31417,202004,Não,Sim,2020-04
Empresa 31419,202005,Não,Sim,2020-05
Empresa 31428,202006,Não,Sim,2020-06
Empresa 31447,202009,Não,Sim,2020-09
Empresa 31458,202011,Não,Sim,2020-11
Empresa 31459,202011,Não,Sim,2020-11
Empresa 31472,202102,Não,Sim,2021-02
Empresa 31554,201907,Não,Sim,2019-07
Empresa 31570,201907,Não,Sim,2019-07
Empresa 31613,201909,Não,Sim,2019-09
Empresa 31615,201909,Não,Sim,2019-09
Empresa 31647,201911,Não,Sim,2019-11
Empresa 31664,202001,Não,Sim,2020-01
Empresa 31693,202004,Não,Sim,2020-04
Empresa 31698,202004,Não,Sim,2020-04
Empresa 31703,202005,Não,Sim,2020-05
Empresa 31704,202005,Não,Sim,2020-05
Empresa 31717,202005,Não,Sim,2020-05
Empresa 31753,202008,Não,Sim,2020-08
Empresa 31758,202008,Não,Sim,2020-08
Empresa 31766,202010,Não,Sim,2020-10
Empresa 31769,202010,Não,Sim,2020-10
Empresa 31773,202011,Não,Sim,2020-11
Empresa 31789,202109,Não,Sim,2021-09
Empresa 31815,202209,Não,Sim,2022-09
Empresa 31852,202310,Não,Sim,2023-10
Empresa 31871,202310,Não,Sim,2023-10
Empresa 31873,202311,Não,Sim,2023-11
Empresa 31901,202204,Não,Sim,2022-04
Empresa 31939,202009,Não,Sim,2020-09
Empresa 31942,202009,Não,Sim,2020-09
Empresa 31946,202009,Não,Sim,2020-09
Empresa 31967,202009,Não,Sim,2020-09
Empresa 31988,202009,Não,Sim,2020-09
Empresa 31989,202009,Não,Sim,2020-09
Empresa 31994,202010,Não,Sim,2020-10
Empresa 31995,202010,Não,Sim,2020-10
Empresa 31996,202010,Não,Sim,2020-10
Empresa 32002,202010,Não,Sim,2020-10
Empresa 32003,202010,Não,Sim,2020-10
Empresa 32010,202010,Não,Sim,2020-10
Empresa 32016,202011,Não,Sim,2020-11
Empresa 32020,202011,Não,Sim,2020-11
Empresa 32031,202102,Não,Sim,2021-02
Empresa 32032,202102,Não,Sim,2021-02
Empresa 32033,202103,Não,Sim,2021-03
Empresa 32037,202104,Não,Sim,2021-04
Empresa 32059,202107,Não,Sim,2021-07
Empresa 32072,202109,Não,Sim,2021-09
Empresa 32081,202111,Não,Sim,2021-11
Empresa 32092,202112,Não,Sim,2021-12
Empresa 32099,202202,Não,Sim,2022-02
Empresa 32101,202202,Não,Sim,2022-02
Empresa 32110,202204,Não,Sim,2022-04
Empresa 32120,202206,Não,Sim,2022-06
Empresa 32123,202206,Não,Sim,2022-06
Empresa 32125,202206,Não,Sim,2022-06
Empresa 32126,202208,Não,Sim,2022-08
Empresa 32132,202210,Não,Sim,2022-10
Empresa 32134,202210,Não,Sim,2022-10
Empresa 32136,202210,Não,Sim,2022-10
Empresa 32140,202211,Não,Sim,2022-11
Empresa 32149,202212,Não,Sim,2022-12
Empresa 32151,202301,Não,Sim,2023-01
Empresa 32163,202304,Não,Sim,2023-04
Empresa 32204,201905,Não,Sim,2019-05
Empresa 32208,201905,Não,Sim,2019-05
Empresa 32211,201905,Não,Sim,2019-05
Empresa 32212,201905,Não,Sim,2019-05
Empresa 32217,201905,Não,Sim,2019-05
Empresa 32226,201905,Não,Sim,2019-05
Empresa 32227,201905,Não,Sim,2019-05
Empresa 32240,201908,Não,Sim,2019-08
Empresa 32248,202003,Não,Sim,2020-03
Empresa 32255,202205,Não,Sim,2022-05
Empresa 32274,202101,Não,Sim,2021-01
Empresa 32294,202107,Não,Sim,2021-07
Empresa 32302,202109,Não,Sim,2021-09
Empresa 32324,202111,Não,Sim,2021-11
Empresa 32365,202204,Não,Sim,2022-04
Empresa 32386,202209,Não,Sim,2022-09
Empresa 32401,202105,Não,Sim,2021-05
Empresa 32408,202106,Não,Sim,2021-06
Empresa 32410,202106,Não,Sim,2021-06
Empresa 32416,202107,Não,Sim,2021-07
Empresa 32418,202108,Não,Sim,2021-08
Empresa 32421,202108,Não,Sim,2021-08
Empresa 32423,202109,Não,Sim,2021-09
Empresa 32426,202109,Não,Sim,2021-09
Empresa 32430,202112,Não,Sim,2021-12
Empresa 32433,202201,Não,Sim,2022-01
Empresa 32441,202209,Não,Sim,2022-09
Empresa 32444,202212,Não,Sim,2022-12
Empresa 32453,202007,Não,Sim,2020-07
Empresa 32454,202007,Não,Sim,2020-07
Empresa 32465,202010,Não,Sim,2020-10
Empresa 32467,202012,Não,Sim,2020-12
Empresa 32473,202104,Não,Sim,2021-04
Empresa 32491,202204,Não,Sim,2022-04
Empresa 32548,202007,Não,Sim,2020-07
Empresa 3255,202308,Não,Sim,2023-08
Empresa 32554,202009,Não,Sim,2020-09
Empresa 32555,202009,Não,Sim,2020-09
Empresa 32558,202009,Não,Sim,2020-09
Empresa 32559,202009,Não,Sim,2020-09
Empresa 32560,202009,Não,Sim,2020-09
Empresa 32563,202009,Não,Sim,2020-09
Empresa 32565,202009,Não,Sim,2020-09
Empresa 32566,202009,Não,Sim,2020-09
Empresa 32567,202009,Não,Sim,2020-09
Empresa 32568,202009,Não,Sim,2020-09
Empresa 32571,202009,Não,Sim,2020-09
Empresa 32573,202009,Não,Sim,2020-09
Empresa 32574,202009,Não,Sim,2020-09
Empresa 32575,202009,Não,Sim,2020-09
Empresa 32578,202009,Não,Sim,2020-09
Empresa 32581,202009,Não,Sim,2020-09
Empresa 32583,202009,Não,Sim,2020-09
Empresa 32584,202009,Não,Sim,2020-09
Empresa 32585,202009,Não,Sim,2020-09
Empresa 32587,202009,Não,Sim,2020-09
Empresa 32588,202009,Não,Sim,2020-09
Empresa 32589,202009,Não,Sim,2020-09
Empresa 32590,202009,Não,Sim,2020-09
Empresa 32591,202009,Não,Sim,2020-09
Empresa 32595,202009,Não,Sim,2020-09
Empresa 32600,202009,Não,Sim,2020-09
Empresa 32602,202009,Não,Sim,2020-09
Empresa 32604,202009,Não,Sim,2020-09
Empresa 32605,202009,Não,Sim,2020-09
Empresa 32606,202009,Não,Sim,2020-09
Empresa 32608,202009,Não,Sim,2020-09
Empresa 32610,202009,Não,Sim,2020-09
Empresa 32611,202009,Não,Sim,2020-09
Empresa 32612,202009,Não,Sim,2020-09
Empresa 32613,202009,Não,Sim,2020-09
Empresa 32614,202009,Não,Sim,2020-09
Empresa 32618,202010,Não,Sim,2020-10
Empresa 32627,202010,Não,Sim,2020-10
Empresa 32632,202010,Não,Sim,2020-10
Empresa 32633,202010,Não,Sim,2020-10
Empresa 32634,202010,Não,Sim,2020-10
Empresa 32635,202010,Não,Sim,2020-10
Empresa 32636,202010,Não,Sim,2020-10
Empresa 32638,202010,Não,Sim,2020-10
Empresa 32641,202010,Não,Sim,2020-10
Empresa 32643,202010,Não,Sim,2020-10
Empresa 32646,202010,Não,Sim,2020-10
Empresa 32647,202010,Não,Sim,2020-10
Empresa 32648,202010,Não,Sim,2020-10
Empresa 32654,202010,Não,Sim,2020-10
Empresa 32656,202010,Não,Sim,2020-10
Empresa 32657,202011,Não,Sim,2020-11
Empresa 32658,202011,Não,Sim,2020-11
Empresa 32660,202011,Não,Sim,2020-11
Empresa 32662,202011,Não,Sim,2020-11
Empresa 32664,202011,Não,Sim,2020-11
Empresa 32670,202011,Não,Sim,2020-11
Empresa 32671,202011,Não,Sim,2020-11
Empresa 32674,202011,Não,Sim,2020-11
Empresa 32677,202011,Não,Sim,2020-11
Empresa 32684,202012,Não,Sim,2020-12
Empresa 32685,202012,Não,Sim,2020-12
Empresa 32692,202012,Não,Sim,2020-12
Empresa 32696,202101,Não,Sim,2021-01
Empresa 3270,202211,Não,Sim,2022-11
Empresa 32700,202101,Não,Sim,2021-01
Empresa 32703,202101,Não,Sim,2021-01
Empresa 32706,202102,Não,Sim,2021-02
Empresa 32707,202102,Não,Sim,2021-02
Empresa 32711,202102,Não,Sim,2021-02
Empresa 32712,202102,Não,Sim,2021-02
Empresa 32723,202103,Não,Sim,2021-03
Empresa 32726,202103,Não,Sim,2021-03
Empresa 32727,202103,Não,Sim,2021-03
Empresa 32733,202103,Não,Sim,2021-03
Empresa 32740,202103,Não,Sim,2021-03
Empresa 32752,202103,Não,Sim,2021-03
Empresa 32761,202104,Não,Sim,2021-04
Empresa 32771,202104,Não,Sim,2021-04
Empresa 32774,202105,Não,Sim,2021-05
Empresa 32775,202105,Não,Sim,2021-05
Empresa 32784,202105,Não,Sim,2021-05
Empresa 32791,202105,Não,Sim,2021-05
Empresa 32794,202106,Não,Sim,2021-06
Empresa 32798,202106,Não,Sim,2021-06
Empresa 32803,202106,Não,Sim,2021-06
Empresa 3281,202309,Não,Sim,2023-09
Empresa 32810,202106,Não,Sim,2021-06
Empresa 32812,202107,Não,Sim,2021-07
Empresa 32816,202107,Não,Sim,2021-07
Empresa 32818,202107,Não,Sim,2021-07
Empresa 32823,202108,Não,Sim,2021-08
Empresa 32824,202108,Não,Sim,2021-08
Empresa 32827,202108,Não,Sim,2021-08
Empresa 32830,202108,Não,Sim,2021-08
Empresa 32832,202108,Não,Sim,2021-08
Empresa 32844,202110,Não,Sim,2021-10
Empresa 32845,202110,Não,Sim,2021-10
Empresa 32850,202110,Não,Sim,2021-10
Empresa 32857,202111,Não,Sim,2021-11
Empresa 32858,202111,Não,Sim,2021-11
Empresa 32861,202112,Não,Sim,2021-12
Empresa 32862,202112,Não,Sim,2021-12
Empresa 32863,202112,Não,Sim,2021-12
Empresa 32870,202201,Não,Sim,2022-01
Empresa 32883,202202,Não,Sim,2022-02
Empresa 32888,202202,Não,Sim,2022-02
Empresa 32894,202204,Não,Sim,2022-04
Empresa 32895,202204,Não,Sim,2022-04
Empresa 32896,202204,Não,Sim,2022-04
Empresa 32900,202205,Não,Sim,2022-05
Empresa 32908,202206,Não,Sim,2022-06
Empresa 32910,202206,Não,Sim,2022-06
Empresa 32912,202207,Não,Sim,2022-07
Empresa 32913,202207,Não,Sim,2022-07
Empresa 32914,202207,Não,Sim,2022-07
Empresa 32923,202207,Não,Sim,2022-07
Empresa 32930,202209,Não,Sim,2022-09
Empresa 32931,202209,Não,Sim,2022-09
Empresa 32936,202210,Não,Sim,2022-10
Empresa 32942,202212,Não,Sim,2022-12
Empresa 32943,202212,Não,Sim,2022-12
Empresa 32945,202301,Não,Sim,2023-01
Empresa 32948,202301,Não,Sim,2023-01
Empresa 32950,202301,Não,Sim,2023-01
Empresa 32951,202301,Não,Sim,2023-01
Empresa 32957,202303,Não,Sim,2023-03
Empresa 32959,202304,Não,Sim,2023-04
Empresa 32960,202304,Não,Sim,2023-04
Empresa 32962,202304,Não,Sim,2023-04
Empresa 32964,202304,Não,Sim,2023-04
Empresa 32965,202304,Não,Sim,2023-04
Empresa 32966,202304,Não,Sim,2023-04
Empresa 32969,202304,Não,Sim,2023-04
Empresa 32970,202304,Não,Sim,2023-04
Empresa 32973,202304,Não,Sim,2023-04
Empresa 32978,202304,Não,Sim,2023-04
Empresa 32980,202305,Não,Sim,2023-05
Empresa 32983,202305,Não,Sim,2023-05
Empresa 32984,202305,Não,Sim,2023-05
Empresa 32985,202305,Não,Sim,2023-05
Empresa 32986,202305,Não,Sim,2023-05
Empresa 32987,202305,Não,Sim,2023-05
Empresa 32989,202305,Não,Sim,2023-05
Empresa 32990,202305,Não,Sim,2023-05
Empresa 32992,202305,Não,Sim,2023-05
Empresa 32994,202305,Não,Sim,2023-05
Empresa 32996,202305,Não,Sim,2023-05
Empresa 32997,202306,Não,Sim,2023-06
Empresa 32998,202306,Não,Sim,2023-06
Empresa 32999,202306,Não,Sim,2023-06
Empresa 33000,202306,Não,Sim,2023-06
Empresa 33003,202307,Não,Sim,2023-07
Empresa 33005,202307,Não,Sim,2023-07
Empresa 33006,202307,Não,Sim,2023-07
Empresa 33008,202307,Não,Sim,2023-07
Empresa 33009,202307,Não,Sim,2023-07
Empresa 33010,202307,Não,Sim,2023-07
Empresa 33015,202307,Não,Sim,2023-07
Empresa 33020,202307,Não,Sim,2023-07
Empresa 33021,202308,Não,Sim,2023-08
Empresa 33022,202308,Não,Sim,2023-08
Empresa 33024,202308,Não,Sim,2023-08
Empresa 33025,202308,Não,Sim,2023-08
Empresa 33030,202308,Não,Sim,2023-08
Empresa 33031,202309,Não,Sim,2023-09
Empresa 33033,202309,Não,Sim,2023-09
Empresa 33035,202309,Não,Sim,2023-09
Empresa 33037,202309,Não,Sim,2023-09
Empresa 33117,202007,Não,Sim,2020-07
Empresa 33176,202007,Não,Sim,2020-07
Empresa 33220,202007,Não,Sim,2020-07
Empresa 33285,202008,Não,Sim,2020-08
Empresa 33529,202012,Não,Sim,2020-12
Empresa 3353,202107,Não,Sim,2021-07
Empresa 33784,202103,Não,Sim,2021-03
Empresa 33805,202103,Não,Sim,2021-03
Empresa 33806,202103,Não,Sim,2021-03
Empresa 33817,202103,Não,Sim,2021-03
Empresa 33819,202103,Não,Sim,2021-03
Empresa 33847,202103,Não,Sim,2021-03
Empresa 33850,202103,Não,Sim,2021-03
Empresa 33852,202103,Não,Sim,2021-03
Empresa 33898,202103,Não,Sim,2021-03
Empresa 339,202305,Não,Sim,2023-05
Empresa 33908,202103,Não,Sim,2021-03
Empresa 33929,202103,Não,Sim,2021-03
Empresa 3394,202212,Não,Sim,2022-12
Empresa 3405,202304,Não,Sim,2023-04
Empresa 34051,202203,Não,Sim,2022-03
Empresa 34363,202206,Não,Sim,2022-06
Empresa 34365,202305,Não,Sim,2023-05
Empresa 34378,202204,Não,Sim,2022-04
Empresa 34393,202101,Não,Sim,2021-01
Empresa 34410,202301,Não,Sim,2023-01
Empresa 34411,202301,Não,Sim,2023-01
Empresa 34413,202011,Não,Sim,2020-11
Empresa 34414,202011,Não,Sim,2020-11
Empresa 34421,202011,Não,Sim,2020-11
Empresa 34428,202011,Não,Sim,2020-11
Empresa 34431,202011,Não,Sim,2020-11
Empresa 34433,202011,Não,Sim,2020-11
Empresa 34434,202011,Não,Sim,2020-11
Empresa 34435,202011,Não,Sim,2020-11
Empresa 34441,202011,Não,Sim,2020-11
Empresa 34451,202011,Não,Sim,2020-11
Empresa 34452,202011,Não,Sim,2020-11
Empresa 34454,202011,Não,Sim,2020-11
Empresa 34455,202011,Não,Sim,2020-11
Empresa 34456,202011,Não,Sim,2020-11
Empresa 34457,202011,Não,Sim,2020-11
Empresa 34459,202012,Não,Sim,2020-12
Empresa 34461,202012,Não,Sim,2020-12
Empresa 34465,202012,Não,Sim,2020-12
Empresa 34470,202012,Não,Sim,2020-12
Empresa 34471,202012,Não,Sim,2020-12
Empresa 34472,202012,Não,Sim,2020-12
Empresa 34483,202012,Não,Sim,2020-12
Empresa 34484,202012,Não,Sim,2020-12
Empresa 34487,202012,Não,Sim,2020-12
Empresa 34489,202012,Não,Sim,2020-12
Empresa 34493,202012,Não,Sim,2020-12
Empresa 34500,202012,Não,Sim,2020-12
Empresa 34502,202012,Não,Sim,2020-12
Empresa 34503,202012,Não,Sim,2020-12
Empresa 34505,202012,Não,Sim,2020-12
Empresa 34507,202012,Não,Sim,2020-12
Empresa 34508,202012,Não,Sim,2020-12
Empresa 34509,202012,Não,Sim,2020-12
Empresa 34510,202012,Não,Sim,2020-12
Empresa 34513,202012,Não,Sim,2020-12
Empresa 34514,202012,Não,Sim,2020-12
Empresa 34515,202012,Não,Sim,2020-12
Empresa 34516,202012,Não,Sim,2020-12
Empresa 34519,202012,Não,Sim,2020-12
Empresa 34521,202012,Não,Sim,2020-12
Empresa 34523,202012,Não,Sim,2020-12
Empresa 34527,202012,Não,Sim,2020-12
Empresa 34533,202012,Não,Sim,2020-12
Empresa 34535,202012,Não,Sim,2020-12
Empresa 34539,202012,Não,Sim,2020-12
Empresa 34541,202012,Não,Sim,2020-12
Empresa 34544,202012,Não,Sim,2020-12
Empresa 34551,202012,Não,Sim,2020-12
Empresa 34559,202012,Não,Sim,2020-12
Empresa 34561,202012,Não,Sim,2020-12
Empresa 34569,202012,Não,Sim,2020-12
Empresa 34570,202012,Não,Sim,2020-12
Empresa 34573,202012,Não,Sim,2020-12
Empresa 34574,202012,Não,Sim,2020-12
Empresa 34582,202012,Não,Sim,2020-12
Empresa 34585,202012,Não,Sim,2020-12
Empresa 34588,202012,Não,Sim,2020-12
Empresa 34594,202012,Não,Sim,2020-12
Empresa 34596,202012,Não,Sim,2020-12
Empresa 34603,202012,Não,Sim,2020-12
Empresa 34613,202012,Não,Sim,2020-12
Empresa 34622,202012,Não,Sim,2020-12
Empresa 34623,202012,Não,Sim,2020-12
Empresa 34629,202012,Não,Sim,2020-12
Empresa 34631,202012,Não,Sim,2020-12
Empresa 34634,202012,Não,Sim,2020-12
Empresa 34638,202012,Não,Sim,2020-12
Empresa 34640,202012,Não,Sim,2020-12
Empresa 34641,202012,Não,Sim,2020-12
Empresa 34648,202012,Não,Sim,2020-12
Empresa 34650,202012,Não,Sim,2020-12
Empresa 34651,202012,Não,Sim,2020-12
Empresa 34658,202012,Não,Sim,2020-12
Empresa 34662,202012,Não,Sim,2020-12
Empresa 34666,202012,Não,Sim,2020-12
Empresa 34671,202012,Não,Sim,2020-12
Empresa 34672,202012,Não,Sim,2020-12
Empresa 34678,202012,Não,Sim,2020-12
Empresa 34682,202012,Não,Sim,2020-12
Empresa 34687,202012,Não,Sim,2020-12
Empresa 34691,202012,Não,Sim,2020-12
Empresa 34694,202012,Não,Sim,2020-12
Empresa 34698,202012,Não,Sim,2020-12
Empresa 34726,202012,Não,Sim,2020-12
Empresa 34731,202012,Não,Sim,2020-12
Empresa 34749,202012,Não,Sim,2020-12
Empresa 34750,202012,Não,Sim,2020-12
Empresa 34764,202012,Não,Sim,2020-12
Empresa 34765,202012,Não,Sim,2020-12
Empresa 34766,202012,Não,Sim,2020-12
Empresa 34767,202012,Não,Sim,2020-12
Empresa 34775,202012,Não,Sim,2020-12
Empresa 34777,202012,Não,Sim,2020-12
Empresa 34781,202012,Não,Sim,2020-12
Empresa 34783,202012,Não,Sim,2020-12
Empresa 34784,202012,Não,Sim,2020-12
Empresa 34788,202012,Não,Sim,2020-12
Empresa 34792,202012,Não,Sim,2020-12
Empresa 34793,202012,Não,Sim,2020-12
Empresa 34796,202012,Não,Sim,2020-12
Empresa 34799,202012,Não,Sim,2020-12
Empresa 34801,202012,Não,Sim,2020-12
Empresa 34810,202012,Não,Sim,2020-12
Empresa 34811,202101,Não,Sim,2021-01
Empresa 34837,202101,Não,Sim,2021-01
Empresa 34838,202101,Não,Sim,2021-01
Empresa 34839,202101,Não,Sim,2021-01
Empresa 34846,202101,Não,Sim,2021-01
Empresa 34848,202101,Não,Sim,2021-01
Empresa 34857,202101,Não,Sim,2021-01
Empresa 34866,202101,Não,Sim,2021-01
Empresa 34894,202101,Não,Sim,2021-01
Empresa 34896,202101,Não,Sim,2021-01
Empresa 34897,202101,Não,Sim,2021-01
Empresa 34902,202101,Não,Sim,2021-01
Empresa 34911,202102,Não,Sim,2021-02
Empresa 34914,202102,Não,Sim,2021-02
Empresa 34917,202102,Não,Sim,2021-02
Empresa 34918,202102,Não,Sim,2021-02
Empresa 34920,202102,Não,Sim,2021-02
Empresa 34924,202102,Não,Sim,2021-02
Empresa 34931,202102,Não,Sim,2021-02
Empresa 34937,202102,Não,Sim,2021-02
Empresa 34940,202102,Não,Sim,2021-02
Empresa 34945,202103,Não,Sim,2021-03
Empresa 34956,202103,Não,Sim,2021-03
Empresa 34960,202103,Não,Sim,2021-03
Empresa 34974,202104,Não,Sim,2021-04
Empresa 34978,202104,Não,Sim,2021-04
Empresa 34982,202104,Não,Sim,2021-04
Empresa 34983,202104,Não,Sim,2021-04
Empresa 34988,202105,Não,Sim,2021-05
Empresa 34989,202105,Não,Sim,2021-05
Empresa 35005,202105,Não,Sim,2021-05
Empresa 35008,202105,Não,Sim,2021-05
Empresa 35009,202105,Não,Sim,2021-05
Empresa 35015,202105,Não,Sim,2021-05
Empresa 35037,202106,Não,Sim,2021-06
Empresa 35051,202106,Não,Sim,2021-06
Empresa 35080,202108,Não,Sim,2021-08
Empresa 35081,202108,Não,Sim,2021-08
Empresa 35085,202108,Não,Sim,2021-08
Empresa 35089,202108,Não,Sim,2021-08
Empresa 35090,202108,Não,Sim,2021-08
Empresa 35106,202109,Não,Sim,2021-09
Empresa 35122,202111,Não,Sim,2021-11
Empresa 35133,202111,Não,Sim,2021-11
Empresa 35142,202111,Não,Sim,2021-11
Empresa 35144,202111,Não,Sim,2021-11
Empresa 35152,202111,Não,Sim,2021-11
Empresa 35157,202112,Não,Sim,2021-12
Empresa 35171,202112,Não,Sim,2021-12
Empresa 35173,202112,Não,Sim,2021-12
Empresa 35186,202112,Não,Sim,2021-12
Empresa 35196,202201,Não,Sim,2022-01
Empresa 35198,202201,Não,Sim,2022-01
Empresa 35204,202201,Não,Sim,2022-01
Empresa 35206,202202,Não,Sim,2022-02
Empresa 35212,202202,Não,Sim,2022-02
Empresa 35244,202203,Não,Sim,2022-03
Empresa 35245,202203,Não,Sim,2022-03
Empresa 35269,202205,Não,Sim,2022-05
Empresa 35271,202205,Não,Sim,2022-05
Empresa 35284,202206,Não,Sim,2022-06
Empresa 35287,202206,Não,Sim,2022-06
Empresa 35289,202206,Não,Sim,2022-06
Empresa 35299,202206,Não,Sim,2022-06
Empresa 35322,202208,Não,Sim,2022-08
Empresa 35325,202209,Não,Sim,2022-09
Empresa 35329,202210,Não,Sim,2022-10
Empresa 35337,202211,Não,Sim,2022-11
Empresa 35345,202211,Não,Sim,2022-11
Empresa 35350,202211,Não,Sim,2022-11
Empresa 35384,202303,Não,Sim,2023-03
Empresa 35424,202309,Não,Sim,2023-09
Empresa 35428,202310,Não,Sim,2023-10
Empresa 35448,202311,Não,Sim,2023-11
Empresa 35465,202012,Não,Sim,2020-12
Empresa 35470,202104,Não,Sim,2021-04
Empresa 35478,202112,Não,Sim,2021-12
Empresa 35516,202106,Não,Sim,2021-06
Empresa 35531,202212,Não,Sim,2022-12
Empresa 35538,201909,Não,Sim,2019-09
Empresa 35544,201909,Não,Sim,2019-09
Empresa 35583,201910,Não,Sim,2019-10
Empresa 35594,201911,Não,Sim,2019-11
Empresa 35647,202002,Não,Sim,2020-02
Empresa 35701,202003,Não,Sim,2020-03
Empresa 35721,202004,Não,Sim,2020-04
Empresa 35723,202004,Não,Sim,2020-04
Empresa 35724,202004,Não,Sim,2020-04
Empresa 35729,202004,Não,Sim,2020-04
Empresa 35734,202004,Não,Sim,2020-04
Empresa 35740,202004,Não,Sim,2020-04
Empresa 35754,202004,Não,Sim,2020-04
Empresa 35774,202005,Não,Sim,2020-05
Empresa 35776,202005,Não,Sim,2020-05
Empresa 35782,202005,Não,Sim,2020-05
Empresa 35784,202005,Não,Sim,2020-05
Empresa 35789,202006,Não,Sim,2020-06
Empresa 35874,202101,Não,Sim,2021-01
Empresa 35891,202103,Não,Sim,2021-03
Empresa 35982,202111,Não,Sim,2021-11
Empresa 36072,202208,Não,Sim,2022-08
Empresa 36140,202104,Não,Sim,2021-04
Empresa 36145,202104,Não,Sim,2021-04
Empresa 36146,202104,Não,Sim,2021-04
Empresa 36147,202104,Não,Sim,2021-04
Empresa 3616,202309,Não,Sim,2023-09
Empresa 36166,202106,Não,Sim,2021-06
Empresa 36167,202106,Não,Sim,2021-06
Empresa 36173,202106,Não,Sim,2021-06
Empresa 36174,202106,Não,Sim,2021-06
Empresa 36180,202107,Não,Sim,2021-07
Empresa 36182,202108,Não,Sim,2021-08
Empresa 36202,202206,Não,Sim,2022-06
Empresa 36209,202210,Não,Sim,2022-10
Empresa 36219,202311,Não,Sim,2023-11
Empresa 36220,202109,Não,Sim,2021-09
Empresa 36288,202206,Não,Sim,2022-06
Empresa 36290,202206,Não,Sim,2022-06
Empresa 36291,202206,Não,Sim,2022-06
Empresa 36311,202206,Não,Sim,2022-06
Empresa 36313,202207,Não,Sim,2022-07
Empresa 36325,202208,Não,Sim,2022-08
Empresa 36327,202208,Não,Sim,2022-08
Empresa 36329,202208,Não,Sim,2022-08
Empresa 36333,202208,Não,Sim,2022-08
Empresa 36336,202208,Não,Sim,2022-08
Empresa 36337,202208,Não,Sim,2022-08
Empresa 36338,202208,Não,Sim,2022-08
Empresa 36388,202301,Não,Sim,2023-01
Empresa 36392,202303,Não,Sim,2023-03
Empresa 36398,202006,Não,Sim,2020-06
Empresa 36402,202006,Não,Sim,2020-06
Empresa 36424,202104,Não,Sim,2021-04
Empresa 36444,202005,Não,Sim,2020-05
Empresa 36457,202007,Não,Sim,2020-07
Empresa 36458,202007,Não,Sim,2020-07
Empresa 36484,202205,Não,Sim,2022-05
Empresa 36569,202201,Não,Sim,2022-01
Empresa 3664,202311,Não,Sim,2023-11
Empresa 3677,202211,Não,Sim,2022-11
Empresa 3689,202310,Não,Sim,2023-10
Empresa 3691,202310,Não,Sim,2023-10
Empresa 3702,202306,Não,Sim,2023-06
Empresa 3734,202101,Não,Sim,2021-01
Empresa 3788,202305,Não,Sim,2023-05
Empresa 3868,202306,Não,Sim,2023-06
Empresa 3960,202310,Não,Sim,2023-10
Empresa 4056,202308,Não,Sim,2023-08
Empresa 4122,202301,Não,Sim,2023-01
Empresa 4230,202108,Não,Sim,2021-08
Empresa 4263,202211,Não,Sim,2022-11
Empresa 4273,202008,Não,Sim,2020-08
Empresa 4279,202305,Não,Sim,2023-05
Empresa 4313,202309,Não,Sim,2023-09
Empresa 4380,202301,Não,Sim,2023-01
Empresa 466,202109,Não,Sim,2021-09
Empresa 4663,202205,Não,Sim,2022-05
Empresa 4664,202303,Não,Sim,2023-03
Empresa 4729,202305,Não,Sim,2023-05
Empresa 4816,202306,Não,Sim,2023-06
Empresa 4826,202307,Não,Sim,2023-07
Empresa 4894,202303,Não,Sim,2023-03
Empresa 4920,202309,Não,Sim,2023-09
Empresa 4969,202205,Não,Sim,2022-05
Empresa 4986,202309,Não,Sim,2023-09
Empresa 4992,202303,Não,Sim,2023-03
Empresa 5011,202305,Não,Sim,2023-05
Empresa 5023,202207,Não,Sim,2022-07
Empresa 5140,202308,Não,Sim,2023-08
Empresa 5176,202306,Não,Sim,2023-06
Empresa 5178,202310,Não,Sim,2023-10
Empresa 5179,202311,Não,Sim,2023-11
Empresa 5182,202304,Não,Sim,2023-04
Empresa 5186,202311,Não,Sim,2023-11
Empresa 5187,202310,Não,Sim,2023-10
Empresa 5203,202211,Não,Sim,2022-11
Empresa 5209,202311,Não,Sim,2023-11
Empresa 5237,202307,Não,Sim,2023-07
Empresa 5279,202309,Não,Sim,2023-09
Empresa 5285,202102,Não,Sim,2021-02
Empresa 5304,202204,Não,Sim,2022-04
Empresa 5356,202105,Não,Sim,2021-05
Empresa 5423,202310,Não,Sim,2023-10
Empresa 5635,202206,Não,Sim,2022-06
Empresa 5783,202203,Não,Sim,2022-03
Empresa 5918,202211,Não,Sim,2022-11
Empresa 5927,202111,Não,Sim,2021-11
Empresa 6019,202209,Não,Sim,2022-09
Empresa 6210,202011,Não,Sim,2020-11
Empresa 6337,202203,Não,Sim,2022-03
Empresa 6348,202012,Não,Sim,2020-12
Empresa 6350,202309,Não,Sim,2023-09
Empresa 6358,202311,Não,Sim,2023-11
Empresa 6360,202209,Não,Sim,2022-09
Empresa 6376,202310,Não,Sim,2023-10
Empresa 6381,202307,Não,Sim,2023-07
Empresa 6412,202007,Não,Sim,2020-07
Empresa 6434,202307,Não,Sim,2023-07
Empresa 6453,202311,Não,Sim,2023-11
Empresa 6456,202311,Não,Sim,2023-11
Empresa 6457,202308,Não,Sim,2023-08
Empresa 6463,202311,Não,Sim,2023-11
Empresa 6524,202111,Não,Sim,2021-11
Empresa 6527,202211,Não,Sim,2022-11
Empresa 6662,202001,Não,Sim,2020-01
Empresa 6882,202011,Não,Sim,2020-11
Empresa 6886,202107,Não,Sim,2021-07
Empresa 6920,202309,Não,Sim,2023-09
Empresa 7003,202306,Não,Sim,2023-06
Empresa 7227,202008,Não,Sim,2020-08
Empresa 7248,202210,Não,Sim,2022-10
Empresa 7256,202307,Não,Sim,2023-07
Empresa 7257,202211,Não,Sim,2022-11
Empresa 7451,202211,Não,Sim,2022-11
Empresa 7518,202112,Não,Sim,2021-12
Empresa 7527,202009,Não,Sim,2020-09
Empresa 7532,201912,Não,Sim,2019-12
Empresa 7555,202112,Não,Sim,2021-12
Empresa 7576,202308,Não,Sim,2023-08
Empresa 7610,202310,Não,Sim,2023-10
Empresa 7654,202109,Não,Sim,2021-09
Empresa 7655,202212,Não,Sim,2022-12
Empresa 7662,202307,Não,Sim,2023-07
Empresa 7664,202006,Não,Sim,2020-06
Empresa 7667,202109,Não,Sim,2021-09
Empresa 7674,202011,Não,Sim,2020-11
Empresa 7677,202008,Não,Sim,2020-08
Empresa 7690,202001,Não,Sim,2020-01
Empresa 7726,202209,Não,Sim,2022-09
Empresa 7729,202101,Não,Sim,2021-01
Empresa 7731,202103,Não,Sim,2021-03
Empresa 7737,202004,Não,Sim,2020-04
Empresa 7743,202305,Não,Sim,2023-05
Empresa 7754,202112,Não,Sim,2021-12
Empresa 7774,202104,Não,Sim,2021-04
Empresa 7786,202204,Não,Sim,2022-04
Empresa 7792,202112,Não,Sim,2021-12
Empresa 7793,202212,Não,Sim,2022-12
Empresa 7797,202304,Não,Sim,2023-04
Empresa 7803,202007,Não,Sim,2020-07
Empresa 7805,202310,Não,Sim,2023-10
Empresa 7827,201905,Não,Sim,2019-05
Empresa 7837,202304,Não,Sim,2023-04
Empresa 7842,202310,Não,Sim,2023-10
Empresa 7853,202011,Não,Sim,2020-11
Empresa 7861,202004,Não,Sim,2020-04
Empresa 7867,202205,Não,Sim,2022-05
Empresa 7882,202103,Não,Sim,2021-03
Empresa 7888,202107,Não,Sim,2021-07
Empresa 7911,202007,Não,Sim,2020-07
Empresa 7912,202207,Não,Sim,2022-07
Empresa 7920,202103,Não,Sim,2021-03
Empresa 7949,202212,Não,Sim,2022-12
Empresa 7953,202111,Não,Sim,2021-11
Empresa 7965,202303,Não,Sim,2023-03
Empresa 7974,202310,Não,Sim,2023-10
Empresa 7979,202002,Não,Sim,2020-02
Empresa 7998,202105,Não,Sim,2021-05
Empresa 8002,202112,Não,Sim,2021-12
Empresa 8023,202203,Não,Sim,2022-03
Empresa 8028,202102,Não,Sim,2021-02
Empresa 8033,202007,Não,Sim,2020-07
Empresa 8035,202204,Não,Sim,2022-04
Empresa 8037,202109,Não,Sim,2021-09
Empresa 8038,202203,Não,Sim,2022-03
Empresa 8067,202212,Não,Sim,2022-12
Empresa 8074,202007,Não,Sim,2020-07
Empresa 8079,202206,Não,Sim,2022-06
Empresa 8081,202305,Não,Sim,2023-05
Empresa 8109,202212,Não,Sim,2022-12
Empresa 8130,202311,Não,Sim,2023-11
Empresa 8143,202204,Não,Sim,2022-04
Empresa 8167,202209,Não,Sim,2022-09
Empresa 8168,202103,Não,Sim,2021-03
Empresa 8180,202309,Não,Sim,2023-09
Empresa 8182,202212,Não,Sim,2022-12
Empresa 8194,202008,Não,Sim,2020-08
Empresa 8208,202212,Não,Sim,2022-12
Empresa 8227,202305,Não,Sim,2023-05
Empresa 8257,202112,Não,Sim,2021-12
Empresa 8259,202007,Não,Sim,2020-07
Empresa 8293,202302,Não,Sim,2023-02
Empresa 8299,202209,Não,Sim,2022-09
Empresa 831,202307,Não,Sim,2023-07
Empresa 8315,202009,Não,Sim,2020-09
Empresa 8342,202311,Não,Sim,2023-11
Empresa 8354,202305,Não,Sim,2023-05
Empresa 8359,202208,Não,Sim,2022-08
Empresa 8364,202303,Não,Sim,2023-03
Empresa 8367,202004,Não,Sim,2020-04
Empresa 8370,202007,Não,Sim,2020-07
Empresa 8420,202007,Não,Sim,2020-07
Empresa 8427,202306,Não,Sim,2023-06
Empresa 8437,202101,Não,Sim,2021-01
Empresa 8457,202208,Não,Sim,2022-08
Empresa 8473,202307,Não,Sim,2023-07
Empresa 8481,202004,Não,Sim,2020-04
Empresa 8491,202301,Não,Sim,2023-01
Empresa 8499,202208,Não,Sim,2022-08
Empresa 8511,202012,Não,Sim,2020-12
Empresa 8532,202007,Não,Sim,2020-07
Empresa 8543,202106,Não,Sim,2021-06
Empresa 8560,202303,Não,Sim,2023-03
Empresa 8575,202103,Não,Sim,2021-03
Empresa 8591,202103,Não,Sim,2021-03
Empresa 8596,202309,Não,Sim,2023-09
Empresa 8597,202301,Não,Sim,2023-01
Empresa 8662,202003,Não,Sim,2020-03
Empresa 8664,202103,Não,Sim,2021-03
Empresa 8668,202307,Não,Sim,2023-07
Empresa 8678,202012,Não,Sim,2020-12
Empresa 8709,202309,Não,Sim,2023-09
Empresa 8738,202212,Não,Sim,2022-12
Empresa 8783,202301,Não,Sim,2023-01
Empresa 8804,202212,Não,Sim,2022-12
Empresa 8813,201912,Não,Sim,2019-12
Empresa 8830,202102,Não,Sim,2021-02
Empresa 8833,202204,Não,Sim,2022-04
Empresa 8862,202112,Não,Sim,2021-12
Empresa 8874,202004,Não,Sim,2020-04
Empresa 8875,202208,Não,Sim,2022-08
Empresa 8881,202009,Não,Sim,2020-09
Empresa 8896,202007,Não,Sim,2020-07
Empresa 8923,202310,Não,Sim,2023-10
Empresa 8925,202006,Não,Sim,2020-06
Empresa 8928,202302,Não,Sim,2023-02
Empresa 8964,202209,Não,Sim,2022-09
Empresa 8974,202007,Não,Sim,2020-07
Empresa 8980,202206,Não,Sim,2022-06
Empresa 8987,202303,Não,Sim,2023-03
Empresa 8996,202007,Não,Sim,2020-07
Empresa 8998,202004,Não,Sim,2020-04
Empresa 9000,202007,Não,Sim,2020-07
Empresa 9017,202210,Não,Sim,2022-10
Empresa 9019,202012,Não,Sim,2020-12
Empresa 9026,202301,Não,Sim,2023-01
Empresa 9031,202012,Não,Sim,2020-12
Empresa 9048,202101,Não,Sim,2021-01
Empresa 9074,202007,Não,Sim,2020-07
Empresa 9079,202007,Não,Sim,2020-07
Empresa 9081,202203,Não,Sim,2022-03
Empresa 9085,202305,Não,Sim,2023-05
Empresa 9107,202301,Não,Sim,2023-01
Empresa 9117,202007,Não,Sim,2020-07
Empresa 9121,202308,Não,Sim,2023-08
Empresa 9131,202208,Não,Sim,2022-08
Empresa 9133,202007,Não,Sim,2020-07
Empresa 9148,202309,Não,Sim,2023-09
Empresa 9169,202211,Não,Sim,2022-11
Empresa 9170,202212,Não,Sim,2022-12
Empresa 9173,202103,Não,Sim,2021-03
Empresa 9174,202205,Não,Sim,2022-05
Empresa 9194,202103,Não,Sim,2021-03
Empresa 9198,202008,Não,Sim,2020-08
Empresa 9200,202206,Não,Sim,2022-06
Empresa 9201,202310,Não,Sim,2023-10
Empresa 9215,202110,Não,Sim,2021-10
Empresa 9232,202303,Não,Sim,2023-03
Empresa 9241,202207,Não,Sim,2022-07
Empresa 9243,202007,Não,Sim,2020-07
Empresa 9250,201907,Não,Sim,2019-07
Empresa 9266,202207,Não,Sim,2022-07
Empresa 9280,202212,Não,Sim,2022-12
Empresa 9299,201910,Não,Sim,2019-10
Empresa 9319,202105,Não,Sim,2021-05
Empresa 9328,202308,Não,Sim,2023-08
Empresa 9333,202211,Não,Sim,2022-11
Empresa 9350,202303,Não,Sim,2023-03
Empresa 9362,202101,Não,Sim,2021-01
Empresa 9367,202009,Não,Sim,2020-09
Empresa 9392,202007,Não,Sim,2020-07
Empresa 9398,202307,Não,Sim,2023-07
Empresa 9406,202101,Não,Sim,2021-01
Empresa 9427,202206,Não,Sim,2022-06
Empresa 9429,202209,Não,Sim,2022-09
Empresa 9433,202112,Não,Sim,2021-12
Empresa 9437,202303,Não,Sim,2023-03
Empresa 9442,202202,Não,Sim,2022-02
Empresa 9446,202204,Não,Sim,2022-04
Empresa 9451,202007,Não,Sim,2020-07
Empresa 9458,202101,Não,Sim,2021-01
Empresa 9503,202006,Não,Sim,2020-06
Empresa 9505,202205,Não,Sim,2022-05
Empresa 9513,201912,Não,Sim,2019-12
Empresa 9520,202109,Não,Sim,2021-09
Empresa 9545,202305,Não,Sim,2023-05
Empresa 9548,202007,Não,Sim,2020-07
Empresa 9551,202009,Não,Sim,2020-09
Empresa 9565,202007,Não,Sim,2020-07
Empresa 9589,202211,Não,Sim,2022-11
Empresa 9592,202108,Não,Sim,2021-08
Empresa 9604,202210,Não,Sim,2022-10
Empresa 9625,201912,Não,Sim,2019-12
Empresa 9629,202308,Não,Sim,2023-08
Empresa 9633,202112,Não,Sim,2021-12
Empresa 9664,202210,Não,Sim,2022-10
Empresa 9678,202007,Não,Sim,2020-07
Empresa 9688,202207,Não,Sim,2022-07
Empresa 9697,202211,Não,Sim,2022-11
Empresa 9730,202103,Não,Sim,2021-03
Empresa 9731,202112,Não,Sim,2021-12
Empresa 9734,202102,Não,Sim,2021-02
Empresa 9740,202007,Não,Sim,2020-07
Empresa 9741,202101,Não,Sim,2021-01
Empresa 9743,202212,Não,Sim,2022-12
Empresa 9757,202112,Não,Sim,2021-12
Empresa 9762,202112,Não,Sim,2021-12
Empresa 9779,202102,Não,Sim,2021-02
Empresa 9781,202008,Não,Sim,2020-08
Empresa 9789,202211,Não,Sim,2022-11
Empresa 9794,202008,Não,Sim,2020-08
Empresa 9818,202110,Não,Sim,2021-10
Empresa 9831,202205,Não,Sim,2022-05
Empresa 9848,201912,Não,Sim,2019-12
Empresa 9882,202301,Não,Sim,2023-01
Empresa 9891,202207,Não,Sim,2022-07
Empresa 9902,202007,Não,Sim,2020-07
Empresa 9926,201911,Não,Sim,2019-11
Empresa 9979,202201,Não,Sim,2022-01
Empresa 9991,202305,Não,Sim,2023-05
Empresa 9992,202212,Não,Sim,2022-12
Empresa 9994,202012,Não,Sim,2020-12
Empresa 9998,202012,Não,Sim,2020-12
